c_estado,c_mnpio,d_mnpio,min_cp,max_cp
01,001,Aguascalientes,20000,20399
01,002,Asientos,20700,20799
01,003,Calvillo,20800,20892
01,004,Cosío,20460,20478
01,005,Jesús María,20900,20997
01,006,Pabellón de Arteaga,20663,20687
01,007,Rincón de Romos,20400,20457
01,008,San José de Gracia,20500,20590
01,009,Tepezalá,20600,20659
01,010,El Llano,20330,20339
01,011,San Francisco de los Romo,20300,20358
02,001,Ensenada,22750,22997
02,002,Mexicali,21000,21980
02,003,Tecate,21400,21573
02,004,Tijuana,22000,22720
02,005,Playas de Rosarito,22700,22746
03,001,Comondú,23600,23873
03,002,Mulegé,23900,23997
03,003,La Paz,23000,23395
03,008,Los Cabos,23400,23597
03,009,Loreto,23880,23899
04,001,Calkiní,24900,24936
04,002,Campeche,24000,24576
04,003,Carmen,24100,24328
04,004,Champotón,24400,24495
04,005,Hecelchakán,24800,24864
04,006,Hopelchén,24600,24678
04,007,Palizada,24200,24208
04,008,Tenabo,24700,24734
04,009,Escárcega,24350,24377
04,010,Calakmul,24640,24658
04,011,Candelaria,24330,24348
05,001,Abasolo,25540,25567
05,002,Acuña,26200,26328
05,003,Allende,26530,26597
05,004,Arteaga,25350,25399
05,005,Candela,25570,25590
05,006,Castaños,25870,25898
05,007,Cuatro Ciénegas,27640,27695
05,008,Escobedo,25470,25496
05,009,Francisco I. Madero,27900,27938
05,010,Frontera,25600,25823
05,011,General Cepeda,25950,25998
05,012,Guerrero,26640,26662
05,013,Hidalgo,26670,26670
05,014,Jiménez,26400,26435
05,015,Juárez,25400,25419
05,016,Lamadrid,27700,27739
05,017,Matamoros,27440,27478
05,018,Monclova,25700,25866
05,019,Morelos,26500,26526
05,020,Múzquiz,26340,26370
05,021,Nadadores,27550,27588
05,022,Nava,26170,26193
05,023,Ocampo,27500,27549
05,024,Parras,27980,27997
05,025,Piedras Negras,26000,26137
05,026,Progreso,25420,25469
05,027,Ramos Arizpe,25900,25949
05,028,Sabinas,26700,26980
05,029,Sacramento,27750,27780
05,030,Saltillo,25000,25348
05,031,San Buenaventura,25500,25536
05,032,San Juan de Sabinas,26800,26942
05,033,San Pedro,27800,27977
05,034,Sierra Mojada,27600,27636
05,035,Torreón,27000,27438
05,036,Viesca,27480,27499
05,037,Villa Unión,26600,26637
05,038,Zaragoza,26450,26467
06,001,Armería,28300,28362
06,002,Colima,28000,28668
06,003,Comala,28450,28469
06,004,Coquimatlán,28400,28410
06,005,Cuauhtémoc,28500,28599
06,006,Ixtlahuacán,28700,28736
06,007,Manzanillo,28200,28887
06,008,Minatitlán,28750,28796
06,009,Tecomán,28100,28947
06,010,Villa de Álvarez,28950,28989
07,001,Acacoyagua,30590,30597
07,002,Acala,29370,29387
07,003,Acapetahua,30580,30587
07,004,Altamirano,30190,30197
07,005,Amatán,29700,29708
07,006,Amatenango de la Frontera,30930,30946
07,007,Amatenango del Valle,29430,29439
07,008,Angel Albino Corzo,30370,30389
07,009,Arriaga,30450,30465
07,010,Bejucal de Ocampo,30950,30957
07,011,Bella Vista,30130,30137
07,012,Berriozábal,29130,29136
07,013,Bochil,29770,29777
07,014,El Bosque,29840,29848
07,015,Cacahoatán,30890,30898
07,016,Catazajá,29980,29997
07,017,Cintalapa,30400,30429
07,018,Coapilla,29650,29655
07,019,Comitán de Domínguez,30000,30109
07,020,La Concordia,30360,30369
07,021,Copainalá,29620,29636
07,022,Chalchihuitán,29850,29857
07,023,Chamula,29320,29337
07,024,Chanal,29440,29446
07,025,Chapultenango,29690,29694
07,026,Chenalhó,29870,29876
07,027,Chiapa de Corzo,29160,29183
07,028,Chiapilla,29390,29395
07,029,Chicoasén,29640,29640
07,030,Chicomuselo,30120,30129
07,031,Chilón,29940,29949
07,032,Escuintla,30600,30617
07,033,Francisco León,29560,29564
07,034,Frontera Comalapa,30140,30155
07,035,Frontera Hidalgo,30850,30858
07,036,La Grandeza,30960,30967
07,037,Huehuetán,30660,30677
07,038,Huixtán,29470,29477
07,039,Huitiupán,29710,29717
07,040,Huixtla,30640,30649
07,041,La Independencia,30170,30178
07,042,Ixhuatán,29720,29729
07,043,Ixtacomitán,29570,29579
07,044,Ixtapa,29340,29349
07,045,Ixtapangajoya,29590,29598
07,046,Jiquipilas,30430,30449
07,047,Jitotol,29760,29768
07,048,Juárez,29510,29519
07,049,Larráinzar,29860,29866
07,050,La Libertad,29970,29977
07,051,Mapastepec,30560,30577
07,052,Las Margaritas,30185,30237
07,053,Mazapa de Madero,30920,30927
07,054,Mazatán,30650,30656
07,055,Metapa,30860,30862
07,056,Mitontic,29490,29495
07,057,Motozintla,30900,30919
07,058,Nicolás Ruíz,30340,30340
07,059,Ocosingo,29935,29954
07,060,Ocotepec,29680,29687
07,061,Ocozocoautla de Espinosa,29140,29149
07,062,Ostuacán,29550,29558
07,063,Osumacinta,29190,29191
07,064,Oxchuc,29450,29462
07,065,Palenque,29960,29969
07,066,Pantelhó,29880,29887
07,067,Pantepec,29660,29661
07,068,Pichucalco,29520,29537
07,069,Pijijiapan,30540,30559
07,070,El Porvenir,30970,30977
07,071,Villa Comaltitlán,30620,30638
07,072,Pueblo Nuevo Solistahuacán,29750,29759
07,073,Rayón,29740,29746
07,074,Reforma,29500,29509
07,075,Las Rosas,30350,30358
07,076,Sabanilla,29800,29816
07,077,Salto de Agua,29900,29908
07,078,San Cristóbal de las Casas,29200,29316
07,079,San Fernando,29120,29129
07,080,Siltepec,30980,30997
07,081,Simojovel,29820,29837
07,082,Sitalá,29890,29896
07,083,Socoltenango,30390,30397
07,084,Solosuchiapa,29580,29585
07,085,Soyaló,29780,29783
07,086,Suchiapa,29150,29151
07,087,Suchiate,30840,30849
07,088,Sunuapa,29540,29547
07,089,Tapachula,30700,30839
07,090,Tapalapa,29670,29670
07,091,Tapilula,29730,29737
07,092,Tecpatán,29600,29617
07,093,Tenejapa,29480,29489
07,094,Teopisca,29410,29420
07,096,Tila,29910,29917
07,097,Tonalá,30500,30519
07,098,Totolapa,30330,30330
07,099,La Trinitaria,30160,30168
07,100,Tumbalá,29920,29925
07,101,Tuxtla Gutiérrez,29000,29112
07,102,Tuxtla Chico,30866,30877
07,103,Tuzantán,30680,30695
07,104,Tzimol,30110,30116
07,105,Unión Juárez,30880,30885
07,106,Venustiano Carranza,30200,30225
07,107,Villa Corzo,30520,30537
07,108,Villaflores,30470,30499
07,109,Yajalón,29926,29932
07,110,San Lucas,29400,29405
07,111,Zinacantán,29350,29369
07,112,San Juan Cancuc,29790,29798
07,113,Aldama,29877,29879
07,114,Benemérito de las Américas,29955,29956
07,115,Maravilla Tenejapa,30180,30184
07,116,Marqués de Comillas,29957,29959
07,117,Montecristo de Guerrero,30380,30383
07,118,San Andrés Duraznal,29827,29829
07,119,Santiago el Pinar,29867,29869
08,001,Ahumada,32800,32847
08,002,Aldama,32900,32949
08,003,Allende,33920,33939
08,004,Aquiles Serdán,31650,31657
08,005,Ascensión,31820,31837
08,006,Bachíniva,31660,31677
08,007,Balleza,33560,33577
08,008,Batopilas,33400,33419
08,009,Bocoyna,33200,33237
08,010,Buenaventura,31880,31899
08,011,Camargo,33600,33779
08,012,Carichí,33280,33299
08,013,Casas Grandes,31850,31863
08,014,Coronado,33990,33997
08,015,Coyame del Sotol,32850,32854
08,016,La Cruz,33670,33679
08,017,Cuauhtémoc,31500,31619
08,018,Cusihuiriachi,33240,33259
08,019,Chihuahua,31000,31633
08,020,Chínipas,33360,33367
08,021,Delicias,33000,33117
08,022,Dr. Belisario Domínguez,33140,33148
08,023,Galeana,31870,31870
08,024,Santa Isabel,33270,33277
08,025,Gómez Farías,31900,31915
08,026,Gran Morelos,33260,33269
08,027,Guachochi,33180,33198
08,028,Guadalupe,32740,32777
08,029,Guadalupe y Calvo,33470,33498
08,030,Guazapares,33380,33397
08,031,Guerrero,31680,31699
08,032,Hidalgo del Parral,33800,33917
08,033,Huejotitán,33540,33545
08,034,Ignacio Zaragoza,31920,31933
08,035,Janos,31840,31849
08,036,Jiménez,33970,33987
08,037,Juárez,32000,32730
08,038,Julimes,32950,32958
08,039,López,33940,33957
08,040,Madera,31940,31959
08,041,Maguarichi,33370,33370
08,042,Manuel Benavides,32980,32998
08,043,Matachí,31990,31997
08,044,Matamoros,33960,33969
08,045,Meoqui,33130,33139
08,046,Morelos,33450,33464
08,047,Moris,33340,33350
08,048,Namiquipa,31960,31979
08,049,Nonoava,33170,33179
08,050,Nuevo Casas Grandes,31700,31810
08,051,Ocampo,33320,33337
08,052,Ojinaga,32880,32897
08,053,Praxedis G. Guerrero,32780,32792
08,054,Riva Palacio,31640,31647
08,055,Rosales,33120,33128
08,056,Rosario,33530,33539
08,057,San Francisco de Borja,33160,33167
08,058,San Francisco de Conchos,33680,33693
08,059,San Francisco del Oro,33500,33516
08,060,Santa Bárbara,33580,33597
08,061,Satevó,33150,33159
08,062,Saucillo,33620,33649
08,063,Temósachic,31980,31987
08,064,El Tule,33550,33555
08,065,Urique,33420,33444
08,066,Uruachi,33300,33318
08,067,Valle de Zaragoza,33650,33669
09,002,Azcapotzalco,02000,02990
09,003,Coyoacán,04000,04980
09,004,Cuajimalpa de Morelos,05000,05780
09,005,Gustavo A. Madero,07000,07990
09,006,Iztacalco,08000,08930
09,007,Iztapalapa,09000,09979
09,008,La Magdalena Contreras,10000,10926
09,009,Milpa Alta,12000,12950
09,010,Álvaro Obregón,01000,01990
09,011,Tláhuac,13000,13700
09,012,Tlalpan,14000,14900
09,013,Xochimilco,16000,16910
09,014,Benito Juárez,03000,03940
09,015,Cuauhtémoc,06000,06995
09,016,Miguel Hidalgo,11000,11950
09,017,Venustiano Carranza,15000,15990
10,001,Canatlán,34400,34467
10,002,Canelas,34500,34537
10,003,Coneto de Comonfort,34470,34477
10,004,Cuencamé,35800,35877
10,005,Durango,34000,34398
10,006,General Simón Bolívar,35950,35987
10,007,Gómez Palacio,35000,35147
10,008,Guadalupe Victoria,34700,34737
10,009,Guanaceví,35400,35447
10,010,Hidalgo,35300,35347
10,011,Indé,35500,35547
10,012,Lerdo,35150,35199
10,013,Mapimí,35200,35248
10,014,Mezquital,34970,34997
10,015,Nazas,35700,35737
10,016,Nombre de Dios,34840,34887
10,017,Ocampo,35350,35395
10,018,El Oro,35650,35698
10,019,Otáez,34650,34669
10,020,Pánuco de Coronado,34770,34795
10,021,Peñón Blanco,34740,34768
10,022,Poanas,34800,34837
10,023,Pueblo Nuevo,34940,34968
10,024,Rodeo,35760,35787
10,025,San Bernardo,35450,35497
10,026,San Dimas,34670,34697
10,027,San Juan de Guadalupe,35900,35947
10,028,San Juan del Río,34480,34497
10,029,San Luis del Cordero,35740,35756
10,030,San Pedro del Gallo,35550,35594
10,031,Santa Clara,35880,35896
10,032,Santiago Papasquiaro,34600,34649
10,033,Súchil,34900,34937
10,034,Tamazula,34570,34598
10,035,Tepehuanes,35600,35647
10,036,Tlahualilo,35250,35297
10,037,Topia,34540,34567
10,038,Vicente Guerrero,34890,34898
10,039,Nuevo Ideal,34410,34437
11,001,Abasolo,36970,36987
11,002,Acámbaro,38600,38787
11,003,San Miguel de Allende,37700,37898
11,004,Apaseo el Alto,38500,38537
11,005,Apaseo el Grande,38160,38198
11,006,Atarjea,37940,37948
11,007,Celaya,38000,38159
11,008,Manuel Doblado,36470,36497
11,009,Comonfort,38200,38227
11,010,Coroneo,38590,38597
11,011,Cortazar,38300,38499
11,012,Cuerámaro,36960,36969
11,013,Doctor Mora,37960,37967
11,014,Dolores Hidalgo Cuna de la Independencia Nacional,37800,37849
11,015,Guanajuato,36000,36268
11,016,Huanímaro,36990,36998
11,017,Irapuato,36500,36849
11,018,Jaral del Progreso,38470,38488
11,019,Jerécuaro,38540,38587
11,020,León,37000,37698
11,021,Moroleón,38800,38997
11,022,Ocampo,37630,37647
11,023,Pénjamo,36900,36948
11,024,Pueblo Nuevo,36890,36897
11,025,Purísima del Rincón,36400,36437
11,026,Romita,36200,36218
11,027,Salamanca,36700,36888
11,028,Salvatierra,38900,38938
11,029,San Diego de la Unión,37850,37877
11,030,San Felipe,37600,37625
11,031,San Francisco del Rincón,36300,36469
11,032,San José Iturbide,37980,37998
11,033,San Luis de la Paz,37900,37919
11,034,Santa Catarina,37950,37958
11,035,Santa Cruz de Juventino Rosas,38240,38257
11,036,Santiago Maravatío,38970,38978
11,037,Silao de la Victoria,36100,36298
11,038,Tarandacuao,38790,38798
11,039,Tarimoro,38700,38725
11,040,Tierra Blanca,37970,37978
11,041,Uriangato,38980,38989
11,042,Valle de Santiago,38400,38467
11,043,Victoria,37920,37928
11,044,Villagrán,38260,38295
11,045,Xichú,37930,37939
11,046,Yuriria,38940,38967
12,001,Acapulco de Juárez,39300,39937
12,002,Ahuacuotzingo,41130,41157
12,003,Ajuchitlán del Progreso,40730,40758
12,004,Alcozauca de Guerrero,41670,41695
12,005,Alpoyeca,41270,41280
12,006,Apaxtla,40531,40553
12,007,Arcelia,40500,40529
12,008,Atenango del Río,41030,41040
12,009,Atlamajalcingo del Monte,41570,41570
12,010,Atlixtac,41440,41463
12,011,Atoyac de Álvarez,40930,40958
12,012,Ayutla de los Libres,39200,39229
12,013,Azoyú,41900,41918
12,014,Benito Juárez,40960,40968
12,015,Buenavista de Cuéllar,40330,40355
12,016,Coahuayutla de José María Izazaga,40860,40875
12,017,Cocula,40580,40599
12,018,Copala,41870,41892
12,019,Copalillo,41060,41077
12,020,Copanatoyac,41470,41499
12,021,Coyuca de Benítez,40970,40997
12,022,Coyuca de Catalán,40700,40729
12,023,Cuajinicuilapa,41940,41968
12,024,Cualác,41080,41092
12,025,Cuautepec,41840,41860
12,026,Cuetzala del Progreso,40560,40579
12,027,Cutzamala de Pinzón,40630,40659
12,028,Chilapa de Álvarez,41100,41118
12,029,Chilpancingo de los Bravo,39000,39129
12,030,Florencio Villarreal,41800,41830
12,031,General Canuto A. Neri,40480,40498
12,032,General Heliodoro Castillo,39130,39149
12,033,Huamuxtitlán,41200,41234
12,034,Huitzuco de los Figueroa,40130,40152
12,035,Iguala de la Independencia,40000,40120
12,036,Igualapa,41970,41997
12,037,Ixcateopan de Cuauhtémoc,40430,40453
12,038,Zihuatanejo de Azueta,40880,40897
12,039,Juan R. Escudero,39940,39959
12,040,Leonardo Bravo,39150,39169
12,041,Malinaltepec,41500,41527
12,042,Mártir de Cuilapan,41180,41199
12,043,Metlatónoc,41640,41658
12,044,Mochitlán,39230,39249
12,045,Olinalá,41000,41028
12,046,Ometepec,41700,41736
12,047,Pedro Ascencio Alquisiras,40460,40479
12,048,Petatlán,40830,40859
12,049,Pilcaya,40380,40398
12,050,Pungarabato,40660,40678
12,051,Quechultenango,39250,39269
12,052,San Luis Acatlán,41600,41637
12,053,San Marcos,39960,39997
12,054,San Miguel Totolapan,40780,40799
12,055,Taxco de Alarcón,40200,40329
12,056,Tecoanapa,39270,39299
12,057,Técpan de Galeana,40900,40929
12,058,Teloloapan,40400,40429
12,059,Tepecoacuilco de Trujano,40160,40174
12,060,Tetipac,40360,40376
12,061,Tixtla de Guerrero,39170,39199
12,062,Tlacoachistlahuaca,41740,41769
12,063,Tlacoapa,41540,41560
12,064,Tlalchapa,40680,40696
12,065,Tlalixtaquilla de Maldonado,41350,41356
12,066,Tlapa de Comonfort,41300,41349
12,067,Tlapehuala,40600,40621
12,068,La Unión de Isidoro Montes de Oca,40800,40829
12,069,Xalpatláhuac,41380,41392
12,070,Xochihuehuetlán,41240,41260
12,071,Xochistlahuaca,41770,41790
12,072,Zapotitlán Tablas,41400,41408
12,073,Zirándaro,40760,40775
12,074,Zitlala,41160,41179
12,075,Eduardo Neri,40180,40199
12,076,Acatepec,41410,41439
12,077,Marquelia,41930,41937
12,078,Cochoapa el Grande,41660,41668
12,079,José Joaquín de Herrera,41120,41128
12,080,Juchitán,41920,41928
12,081,Iliatenco,41530,41537
13,001,Acatlán,43540,43559
13,002,Acaxochitlán,43720,43739
13,003,Actopan,42500,42616
13,004,Agua Blanca de Iturbide,43460,43474
13,005,Ajacuba,42150,42157
13,006,Alfajayucan,42390,42399
13,007,Almoloya,43940,43956
13,008,Apan,43900,43924
13,009,El Arenal,42680,42695
13,010,Atitalaquia,42970,42979
13,011,Atlapexco,43060,43068
13,012,Atotonilco el Grande,43300,43329
13,013,Atotonilco de Tula,42980,42996
13,014,Calnali,43230,43248
13,015,Cardonal,42370,42379
13,016,Cuautepec de Hinojosa,43740,43759
13,017,Chapantongo,42900,42918
13,018,Chapulhuacán,42280,42298
13,019,Chilcuautla,42750,42757
13,020,Eloxochitlán,43330,43347
13,021,Emiliano Zapata,43960,43968
13,022,Epazoyucan,43580,43596
13,023,Francisco I. Madero,42660,42673
13,024,Huasca de Ocampo,43500,43538
13,025,Huautla,43050,43059
13,026,Huazalingo,43070,43078
13,027,Huehuetla,43420,43436
13,028,Huejutla de Reyes,43000,43019
13,029,Huichapan,42400,42439
13,030,Ixmiquilpan,42300,42327
13,031,Jacala de Ledezma,42200,42215
13,032,Jaltocán,43040,43047
13,033,Juárez Hidalgo,43190,43197
13,034,Lolotla,43140,43147
13,035,Metepec,43400,43412
13,036,San Agustín Metzquititlán,43380,43398
13,037,Metztitlán,43350,43379
13,038,Mineral del Chico,42120,42127
13,039,Mineral del Monte,42130,42149
13,040,La Misión,42260,42275
13,041,Mixquiahuala de Juárez,42700,42729
13,042,Molango de Escamilla,43100,43114
13,043,Nicolás Flores,42360,42368
13,044,Nopala de Villagrán,42470,42495
13,045,Omitlán de Juárez,43560,43576
13,046,San Felipe Orizatlán,43020,43039
13,047,Pacula,42240,42259
13,048,Pachuca de Soto,42000,42119
13,049,Pisaflores,42220,42239
13,050,Progreso de Obregón,42730,42748
13,051,Mineral de la Reforma,42180,42188
13,052,San Agustín Tlaxiaca,42160,42179
13,053,San Bartolo Tutotepec,43440,43459
13,054,San Salvador,42640,42656
13,055,Santiago de Anaya,42620,42630
13,056,Santiago Tulantepec de Lugo Guerrero,43760,43775
13,057,Singuilucan,43780,43797
13,058,Tasquillo,42380,42389
13,059,Tecozautla,42440,42466
13,060,Tenango de Doria,43480,43496
13,061,Tepeapulco,43970,43998
13,062,Tepehuacán de Guerrero,43120,43139
13,063,Tepeji del Río de Ocampo,42852,42895
13,064,Tepetitlán,42920,42934
13,065,Tetepango,42940,42945
13,066,Villa de Tezontepec,43880,43897
13,067,Tezontepec de Aldama,42760,42777
13,068,Tianguistengo,43270,43294
13,069,Tizayuca,43800,43826
13,070,Tlahuelilpan,42780,42796
13,071,Tlahuiltepa,43170,43189
13,072,Tlanalapa,43930,43937
13,073,Tlanchinol,43150,43168
13,074,Tlaxcoapan,42950,42967
13,075,Tolcayuca,43860,43876
13,076,Tula de Allende,42800,42849
13,077,Tulancingo de Bravo,43600,43715
13,078,Xochiatipan,43090,43099
13,079,Xochicoatlán,43250,43269
13,080,Yahualica,43080,43089
13,081,Zacualtipán de Ángeles,43200,43225
13,082,Zapotlán de Juárez,42190,42198
13,083,Zempoala,43830,43859
13,084,Zimapán,42330,42359
14,001,Acatic,45470,45479
14,002,Acatlán de Juárez,45700,45723
14,003,Ahualulco de Mercado,46730,46758
14,004,Amacueca,49370,49388
14,005,Amatitán,45380,45399
14,006,Ameca,46600,46729
14,007,San Juanito de Escobedo,46560,46580
14,008,Arandas,47180,47197
14,009,El Arenal,45350,45368
14,010,Atemajac de Brizuela,45790,45799
14,011,Atengo,48160,48199
14,012,Atenguillo,48100,48146
14,013,Atotonilco el Alto,47750,47779
14,014,Atoyac,49200,49229
14,015,Autlán de Navarro,48900,48929
14,016,Ayotlán,47930,47949
14,017,Ayutla,48050,48098
14,018,La Barca,47910,47927
14,019,Bolaños,46130,46157
14,020,Cabo Corrientes,48400,48449
14,021,Casimiro Castillo,48930,48948
14,022,Cihuatlán,48970,48995
14,023,Zapotlán el Grande,49000,49109
14,024,Cocula,48500,48532
14,025,Colotlán,46200,46239
14,026,Concepción de Buenos Aires,49170,49178
14,027,Cuautitlán de García Barragán,48950,48967
14,028,Cuautla,48150,48159
14,029,Cuquío,45480,45496
14,030,Chapala,45900,45946
14,031,Chimaltitán,46300,46330
14,032,Chiquilistlán,48640,48655
14,033,Degollado,47980,47998
14,034,Ejutla,48670,48686
14,035,Encarnación de Díaz,47270,47298
14,036,Etzatlán,46500,46535
14,037,El Grullo,48740,48753
14,038,Guachinango,46800,46846
14,039,Guadalajara,44009,44990
14,040,Hostotipaquillo,46440,46460
14,041,Huejúcar,46260,46299
14,042,Huejuquilla el Alto,46000,46037
14,043,La Huerta,48850,48898
14,044,Ixtlahuacán de los Membrillos,45850,45877
14,045,Ixtlahuacán del Río,45260,45299
14,046,Jalostotitlán,47120,47139
14,047,Jamay,47900,47909
14,048,Jesús María,47950,47977
14,049,Jilotlán de los Dolores,49950,49968
14,050,Jocotepec,45800,45840
14,051,Juanacatlán,45880,45899
14,052,Juchitlán,48600,48635
14,053,Lagos de Moreno,47400,47539
14,054,El Limón,48700,48739
14,055,Magdalena,46470,46495
14,056,Santa María del Oro,49970,49994
14,057,La Manzanilla de la Paz,49460,49490
14,058,Mascota,46900,46955
14,059,Mazamitla,49500,49537
14,060,Mexticacán,47340,47359
14,061,Mezquitic,46040,46087
14,062,Mixtlán,46850,46860
14,063,Ocotlán,47780,47899
14,064,Ojuelos de Jalisco,47540,47566
14,065,Pihuamo,49870,49897
14,066,Poncitlán,45950,45979
14,067,Puerto Vallarta,48260,48399
14,068,Villa Purificación,48800,48847
14,069,Quitupan,49570,49598
14,070,El Salto,45680,45696
14,071,San Cristóbal de la Barranca,45250,45259
14,072,San Diego de Alejandría,47590,47599
14,073,San Juan de los Lagos,47000,47119
14,074,San Julián,47170,47179
14,075,San Marcos,46540,46545
14,076,San Martín de Bolaños,46350,46386
14,077,San Martín Hidalgo,46770,46799
14,078,San Miguel el Alto,47140,47160
14,079,Gómez Farías,49120,49150
14,080,San Sebastián del Oeste,46960,46997
14,081,Santa María de los Ángeles,46240,46259
14,082,Sayula,49300,49339
14,083,Tala,45300,45349
14,084,Talpa de Allende,48200,48259
14,085,Tamazula de Gordiano,49650,49690
14,086,Tapalpa,49340,49369
14,087,Tecalitlán,49900,49943
14,088,Tecolotlán,48540,48569
14,089,Techaluta de Montenegro,49230,49240
14,090,Tenamaxtlán,48570,48595
14,091,Teocaltiche,47200,47249
14,092,Teocuitatlán de Corona,49250,49296
14,093,Tepatitlán de Morelos,47600,47729
14,094,Tequila,46400,46433
14,095,Teuchitlán,46760,46765
14,096,Tizapán el Alto,49400,49427
14,097,Tlajomulco de Zúñiga,45640,45679
14,098,San Pedro Tlaquepaque,45500,45638
14,099,Tolimán,49750,49769
14,100,Tomatlán,48450,48499
14,101,Tonalá,45400,45429
14,102,Tonaya,48760,48769
14,103,Tonila,49840,49869
14,104,Totatiche,46170,46197
14,105,Tototlán,47730,47749
14,106,Tuxcacuesco,48770,48799
14,107,Tuxcueca,49430,49446
14,108,Tuxpan,49800,49837
14,109,Unión de San Antonio,47570,47588
14,110,Unión de Tula,48000,48048
14,111,Valle de Guadalupe,47380,47398
14,112,Valle de Juárez,49540,49548
14,113,San Gabriel,49700,49744
14,114,Villa Corona,45730,45746
14,115,Villa Guerrero,46100,46127
14,116,Villa Hidalgo,47250,47269
14,117,Cañadas de Obregón,47360,47378
14,118,Yahualica de González Gallo,47300,47339
14,119,Zacoalco de Torres,45750,45789
14,120,Zapopan,45010,45245
14,121,Zapotiltic,49600,49647
14,122,Zapotitlán de Vadillo,49770,49789
14,123,Zapotlán del Rey,45980,45998
14,124,Zapotlanejo,45430,45466
14,125,San Ignacio Cerro Gordo,47190,47195
15,001,Acambay de Ruíz Castañeda,50300,50357
15,002,Acolman,55870,55899
15,003,Aculco,50360,50397
15,004,Almoloya de Alquisiras,51860,51883
15,005,Almoloya de Juárez,50900,50947
15,006,Almoloya del Río,52540,52544
15,007,Amanalco,51260,51287
15,008,Amatepec,51500,51544
15,009,Amecameca,56900,56965
15,010,Apaxco,55660,55667
15,011,Atenco,56300,56315
15,012,Atizapán,52500,52506
15,013,Atizapán de Zaragoza,52900,52998
15,014,Atlacomulco,50450,50497
15,015,Atlautla,56970,56984
15,016,Axapusco,55940,55966
15,017,Ayapango,56760,56776
15,018,Calimaya,52200,52236
15,019,Capulhuac,52700,52733
15,020,Coacalco de Berriozábal,55700,55739
15,021,Coatepec Harinas,51700,51754
15,022,Cocotitlán,56680,56684
15,023,Coyotepec,54660,54668
15,024,Cuautitlán,54800,54879
15,025,Chalco,56600,56647
15,026,Chapa de Mota,54350,54387
15,027,Chapultepec,52240,52254
15,028,Chiautla,56030,56040
15,029,Chicoloapan,56370,56396
15,030,Chiconcuac,56270,56280
15,031,Chimalhuacán,56330,56366
15,032,Donato Guerra,51030,51055
15,033,Ecatepec de Morelos,55000,55549
15,034,Ecatzingo,56990,56999
15,035,Huehuetoca,54680,54697
15,036,Hueypoxtla,55670,55697
15,037,Huixquilucan,52760,52799
15,038,Isidro Fabela,54480,54495
15,039,Ixtapaluca,56530,56599
15,040,Ixtapan de la Sal,51900,51937
15,041,Ixtapan del Oro,51070,51099
15,042,Ixtlahuaca,50740,50785
15,043,Xalatlaco,52680,52693
15,044,Jaltenco,55780,55784
15,045,Jilotepec,54240,54276
15,046,Jilotzingo,54570,54575
15,047,Jiquipilco,50800,50848
15,048,Jocotitlán,50700,50737
15,049,Joquicingo,52370,52390
15,050,Juchitepec,56860,56867
15,051,Lerma,52000,52059
15,052,Malinalco,52440,52477
15,053,Melchor Ocampo,54880,54895
15,054,Metepec,52140,52179
15,055,Mexicaltzingo,52180,52189
15,056,Morelos,50550,50597
15,057,Naucalpan de Juárez,53000,53970
15,058,Nezahualcóyotl,57000,57950
15,059,Nextlalpan,55790,55799
15,060,Nicolás Romero,54400,54539
15,061,Nopaltepec,55970,55978
15,062,Ocoyoacac,52740,52757
15,063,Ocuilan,52480,52497
15,064,El Oro,50600,50637
15,065,Otumba,55900,55937
15,066,Otzoloapan,51130,51149
15,067,Otzolotepec,52080,52096
15,068,Ozumba,56800,56820
15,069,Papalotla,56050,56057
15,070,La Paz,56400,56529
15,071,Polotitlán,54200,54239
15,072,Rayón,52360,52367
15,073,San Antonio la Isla,52280,52290
15,074,San Felipe del Progreso,50640,50697
15,075,San Martín de las Pirámides,55850,55859
15,076,San Mateo Atenco,52100,52120
15,077,San Simón de Guerrero,51470,51486
15,078,Santo Tomás,51104,51117
15,079,Soyaniquilpan de Juárez,54280,54297
15,080,Sultepec,51600,51655
15,081,Tecámac,55740,55778
15,082,Tejupilco,51400,51437
15,083,Temamatla,56650,56657
15,084,Temascalapa,55980,55998
15,085,Temascalcingo,50400,50447
15,086,Temascaltepec,51300,51349
15,087,Temoaya,50850,50896
15,088,Tenancingo,52400,52437
15,089,Tenango del Aire,56780,56785
15,090,Tenango del Valle,52300,52357
15,091,Teoloyucan,54770,54788
15,092,Teotihuacán,55800,55847
15,093,Tepetlaoxtoc,56070,56096
15,094,Tepetlixpa,56880,56895
15,095,Tepotzotlán,54600,54658
15,096,Tequixquiac,55650,55657
15,097,Texcaltitlán,51670,51697
15,098,Texcalyacac,52570,52570
15,099,Texcoco,56100,56267
15,100,Tezoyuca,56000,56024
15,101,Tianguistenco,52600,52667
15,102,Timilpan,50500,50540
15,103,Tlalmanalco,56700,56747
15,104,Tlalnepantla de Baz,54000,54198
15,105,Tlatlaya,51550,51599
15,106,Toluca,50000,50295
15,107,Tonatico,51950,51977
15,108,Tultepec,54960,54990
15,109,Tultitlán,54900,54959
15,110,Valle de Bravo,51200,51248
15,111,Villa de Allende,51000,51029
15,112,Villa del Carbón,54300,54346
15,113,Villa Guerrero,51760,51786
15,114,Villa Victoria,50960,50997
15,115,Xonacatlán,52060,52077
15,116,Zacazonapan,51160,51173
15,117,Zacualpan,51800,51857
15,118,Zinacantepec,51350,51393
15,119,Zumpahuacán,51980,51997
15,120,Zumpango,55600,55646
15,121,Cuautitlán Izcalli,54700,54769
15,122,Valle de Chalco Solidaridad,56610,56619
15,123,Luvianos,51440,51468
15,124,San José del Rincón,50660,50678
15,125,Tonanitla,55785,55786
16,001,Acuitzio,58460,58468
16,002,Aguililla,60570,60597
16,003,Álvaro Obregón,58920,58929
16,004,Angamacutiro,58550,58567
16,005,Angangueo,61410,61417
16,006,Apatzingán,60600,60757
16,007,Aporo,61400,61405
16,008,Aquila,60870,60898
16,009,Ario,61830,61849
16,010,Arteaga,60920,60948
16,011,Briseñas,59120,59126
16,012,Buenavista,60500,60539
16,013,Carácuaro,61920,61938
16,014,Coahuayana,60800,60815
16,015,Coalcomán de Vázquez Pallares,60840,60867
16,016,Coeneo,58400,58416
16,017,Contepec,61020,61055
16,018,Copándaro,58870,58876
16,019,Cotija,59940,59958
16,020,Cuitzeo,58840,58855
16,021,Charapan,60240,60247
16,022,Charo,61300,61328
16,023,Chavinda,59580,59595
16,024,Cherán,60270,60276
16,025,Chilchota,59780,59799
16,026,Chinicuila,60820,60828
16,027,Chucándiro,58860,58868
16,028,Churintzio,59440,59455
16,029,Churumuco,61880,61899
16,030,Ecuandureo,59730,59746
16,031,Epitacio Huerta,61000,61018
16,032,Erongarícuaro,61630,61637
16,033,Gabriel Zamora,61730,61747
16,034,Hidalgo,61100,61248
16,035,La Huacana,61850,61878
16,036,Huandacareo,58820,58833
16,037,Huaniqueo,58360,58399
16,038,Huetamo,61940,61979
16,039,Huiramba,61640,61648
16,040,Indaparapeo,58970,58978
16,041,Irimbo,61280,61288
16,042,Ixtlán,59280,59297
16,043,Jacona,59800,59908
16,044,Jiménez,58780,58796
16,045,Jiquilpan,59510,59547
16,046,Juárez,61570,61587
16,047,Jungapeo,61470,61498
16,048,Lagunillas,58450,58456
16,049,Madero,58480,58499
16,050,Maravatío,61250,61279
16,051,Marcos Castellanos,59500,59508
16,052,Lázaro Cárdenas,60950,60999
16,053,Morelia,58000,58359
16,054,Morelos,58800,58807
16,055,Múgica,61760,61797
16,056,Nahuatzen,60280,60287
16,057,Nocupétaro,61900,61918
16,058,Nuevo Parangaricutiro,60490,60497
16,059,Nuevo Urecho,61750,61759
16,060,Numarán,59430,59438
16,061,Ocampo,61450,61468
16,062,Pajacuarán,59180,59195
16,063,Panindícuaro,58570,58598
16,064,Parácuaro,60760,60795
16,065,Paracho,60250,60267
16,066,Pátzcuaro,61600,61627
16,067,Penjamillo,59470,59498
16,068,Peribán,60440,60447
16,069,La Piedad,59300,59428
16,070,Purépero,58760,58774
16,071,Puruándiro,58500,58533
16,072,Queréndaro,58980,58997
16,073,Quiroga,58420,58436
16,074,Cojumatlán de Régules,59140,59155
16,075,Los Reyes,60300,60435
16,076,Sahuayo,59000,59105
16,077,San Lucas,61980,61998
16,078,Santa Ana Maya,58900,58919
16,079,Salvador Escalante,61800,61827
16,080,Senguio,61290,61297
16,081,Susupuato,61590,61597
16,082,Tacámbaro,61650,61678
16,083,Tancítaro,60460,60486
16,084,Tangamandapio,59920,59937
16,085,Tangancícuaro,59750,59776
16,086,Tanhuato,59230,59244
16,087,Taretan,61710,61718
16,088,Tarímbaro,58880,58895
16,089,Tepalcatepec,60540,60567
16,090,Tingambato,60290,60297
16,091,Tingüindín,59980,59995
16,092,Tiquicheo de Nicolás Romero,61370,61399
16,093,Tlalpujahua,61060,61086
16,094,Tlazazalca,58740,58755
16,095,Tocumbo,59960,59975
16,096,Tumbiscatío,60900,60918
16,097,Turicato,61680,61698
16,098,Tuxpan,61420,61447
16,099,Tuzantla,61540,61565
16,100,Tzintzuntzan,58440,58448
16,101,Tzitzio,61330,61368
16,102,Uruapan,60000,60237
16,103,Venustiano Carranza,59160,59175
16,104,Villamar,59550,59578
16,105,Vista Hermosa,59200,59220
16,106,Yurécuaro,59250,59267
16,107,Zacapu,58600,58739
16,108,Zamora,59600,59725
16,109,Zináparo,59460,59467
16,110,Zinapécuaro,58930,58967
16,111,Ziracuaretiro,61700,61708
16,112,Zitácuaro,61500,61539
16,113,José Sixto Verduzco,58540,58547
17,001,Amacuzac,62640,62657
17,002,Atlatlahucan,62840,62847
17,003,Axochiapan,62950,62965
17,004,Ayala,62700,62725
17,005,Coatlán del Río,62610,62616
17,006,Cuautla,62740,62757
17,007,Cuernavaca,62000,62508
17,008,Emiliano Zapata,62760,62768
17,009,Huitzilac,62510,62517
17,010,Jantetelco,62970,62978
17,011,Jiutepec,62550,62578
17,012,Jojutla,62900,62917
17,013,Jonacatepec,62930,62944
17,014,Mazatepec,62630,62636
17,015,Miacatlán,62600,62608
17,016,Ocuituco,62850,62867
17,017,Puente de Ixtla,62660,62697
17,018,Temixco,62580,62599
17,019,Tepalcingo,62920,62927
17,020,Tepoztlán,62520,62529
17,021,Tetecala,62620,62626
17,022,Tetela del Volcán,62800,62815
17,023,Tlalnepantla,62530,62536
17,024,Tlaltizapán de Zapata,62770,62778
17,025,Tlaquiltenango,62980,62996
17,026,Tlayacapan,62540,62547
17,027,Totolapan,62830,62835
17,028,Xochitepec,62790,62796
17,029,Yautepec,62730,62739
17,030,Yecapixtla,62820,62828
17,031,Zacatepec,62780,62785
17,032,Zacualpan,62890,62897
17,033,Temoac,62870,62887
18,001,Acaponeta,63400,63438
18,002,Ahuacatlán,63900,63938
18,003,Amatlán de Cañas,63960,63996
18,004,Compostela,63700,63724
18,005,Huajicori,63480,63499
18,006,Ixtlán del Río,63940,63959
18,007,Jala,63880,63899
18,008,Xalisco,63780,63799
18,009,Del Nayar,63530,63549
18,010,Rosamorada,63630,63658
18,011,Ruíz,63600,63628
18,012,San Blas,63740,63779
18,013,San Pedro Lagunillas,63800,63826
18,014,Santa María del Oro,63830,63874
18,015,Santiago Ixcuintla,63300,63579
18,016,Tecuala,63440,63470
18,017,Tepic,63000,63529
18,018,Tuxpan,63200,63670
18,019,La Yesca,63580,63596
18,020,Bahía de Banderas,63726,63739
19,001,Abasolo,65650,65663
19,002,Agualeguas,65800,65837
19,003,Los Aldamas,66900,66945
19,004,Allende,67350,67383
19,005,Anáhuac,65000,65059
19,006,Apodaca,66600,66649
19,007,Aramberri,67940,67959
19,008,Bustamante,65150,65150
19,009,Cadereyta Jiménez,67451,67498
19,010,El Carmen,66550,66583
19,011,Cerralvo,65900,65940
19,012,Ciénega de Flores,65550,65583
19,013,China,67050,67099
19,014,Doctor Arroyo,67900,67938
19,015,Doctor Coss,66950,66980
19,016,Doctor González,66750,66793
19,017,Galeana,67850,67878
19,018,García,66000,66042
19,019,San Pedro Garza García,66200,66297
19,020,General Bravo,67000,67030
19,021,General Escobedo,66050,66085
19,022,General Terán,67400,67448
19,023,General Treviño,65850,65880
19,024,General Zaragoza,67960,67978
19,025,General Zuazua,65750,65780
19,026,Guadalupe,67100,67205
19,027,Los Herreras,66850,66880
19,028,Higueras,65700,65700
19,029,Hualahuises,67880,67899
19,030,Iturbide,67830,67849
19,031,Juárez,67250,67298
19,032,Lampazos de Naranjo,65070,65092
19,033,Linares,67700,67828
19,034,Marín,66700,66708
19,035,Melchor Ocampo,65950,65950
19,036,Mier y Noriega,67980,67996
19,037,Mina,65100,65140
19,038,Montemorelos,67500,67640
19,039,Monterrey,64000,64997
19,040,Parás,65450,65480
19,041,Pesquería,66650,66693
19,042,Los Ramones,66800,66849
19,043,Rayones,67650,67690
19,044,Sabinas Hidalgo,65200,65348
19,045,Salinas Victoria,65500,65548
19,046,San Nicolás de los Garza,66400,66499
19,047,Hidalgo,65600,65600
19,048,Santa Catarina,66100,66390
19,049,Santiago,67300,67344
19,050,Vallecillo,65400,65449
19,051,Villaldama,65350,65395
20,001,Abejones,68715,68715
20,002,Acatlán de Pérez Figueroa,68420,68428
20,003,Asunción Cacalotepec,70290,70292
20,004,Asunción Cuyotepeji,69070,69070
20,005,Asunción Ixtaltepec,70140,70145
20,006,Asunción Nochixtlán,69600,69609
20,007,Asunción Ocotlán,71523,71523
20,008,Asunción Tlacolulita,70570,70575
20,009,Ayotzintepec,68435,68438
20,010,El Barrio de la Soledad,70380,70393
20,011,Calihualá,69450,69457
20,012,Candelaria Loxicha,70950,70957
20,013,Ciénega de Zimatlán,71300,71300
20,014,Ciudad Ixtepec,70110,70115
20,015,Coatecas Altas,71570,71574
20,016,Coicoyán de las Flores,69790,69799
20,017,La Compañía,71567,71569
20,018,Concepción Buenavista,69320,69325
20,019,Concepción Pápalo,68640,68644
20,020,Constancia del Rosario,71030,71037
20,021,Cosolapa,68410,68419
20,022,Cosoltepec,69020,69023
20,023,Cuilápam de Guerrero,71400,71409
20,024,Cuyamecalco Villa de Zaragoza,68610,68612
20,025,Chahuites,70190,70195
20,026,Chalcatongo de Hidalgo,71100,71107
20,027,Chiquihuitlán de Benito Juárez,68617,68618
20,028,Heroica Ciudad de Ejutla de Crespo,71500,71505
20,029,Eloxochitlán de Flores Magón,68530,68534
20,030,El Espinal,70117,70117
20,031,Tamazulápam del Espíritu Santo,70280,70282
20,032,Fresnillo de Trujano,69210,69214
20,033,Guadalupe Etla,68256,68257
20,034,Guadalupe de Ramírez,69150,69158
20,035,Guelatao de Juárez,68770,68770
20,036,Guevea de Humboldt,70725,70728
20,037,Mesones Hidalgo,71040,71048
20,038,Villa Hidalgo,68870,68870
20,039,Heroica Ciudad de Huajuapan de León,69000,69009
20,040,Huautepec,68555,68555
20,041,Huautla de Jiménez,68500,68508
20,042,Ixtlán de Juárez,68725,68728
20,043,Heroica Ciudad de Juchitán de Zaragoza,70000,70109
20,044,Loma Bonita,68400,68406
20,045,Magdalena Apasco,68226,68228
20,046,Magdalena Jaltepec,69900,69909
20,047,Santa Magdalena Jicotlán,69350,69350
20,048,Magdalena Mixtepec,71347,71347
20,049,Magdalena Ocotlán,71529,71529
20,050,Magdalena Peñasco,69848,69848
20,051,Magdalena Teitipac,70458,70458
20,052,Magdalena Tequisistlán,70740,70745
20,053,Magdalena Tlacotepec,70746,70746
20,054,Magdalena Zahuatlán,69920,69920
20,055,Mariscala de Juárez,69250,69257
20,056,Mártires de Tacubaya,71630,71631
20,057,Matías Romero Avendaño,70300,70329
20,058,Mazatlán Villa de Flores,68580,68584
20,059,Miahuatlán de Porfirio Díaz,70800,70805
20,060,Mixistlán de la Reforma,70261,70263
20,061,Monjas,70826,70827
20,062,Natividad,68700,68701
20,063,Nazareno Etla,68240,68240
20,064,Nejapa de Madero,70530,70536
20,065,Ixpantepec Nieves,69470,69470
20,066,Santiago Niltepec,70130,70135
20,067,Oaxaca de Juárez,68000,68284
20,068,Ocotlán de Morelos,71510,71515
20,069,La Pe,71565,71566
20,070,Pinotepa de Don Luis,71750,71757
20,071,Pluma Hidalgo,70960,70965
20,072,San José del Progreso,71550,71553
20,073,Putla Villa de Guerrero,71000,71021
20,074,Santa Catarina Quioquitani,70590,70590
20,075,Reforma de Pineda,70170,70170
20,076,La Reforma,71080,71087
20,077,Reyes Etla,68237,68238
20,078,Rojas de Cuauhtémoc,70450,70450
20,079,Salina Cruz,70600,70704
20,080,San Agustín Amatengo,71580,71580
20,081,San Agustín Atenango,69440,69449
20,082,San Agustín Chayuco,71764,71768
20,083,San Agustín de las Juntas,71260,71260
20,084,San Agustín Etla,68247,68248
20,085,San Agustín Loxicha,70920,70927
20,086,San Agustín Tlacotepec,69860,69864
20,087,San Agustín Yatareni,68290,68290
20,088,San Andrés Cabecera Nueva,71170,71175
20,089,San Andrés Dinicuiti,69064,69064
20,090,San Andrés Huaxpaltepec,71770,71777
20,091,San Andrés Huayápam,68287,68288
20,092,San Andrés Ixtlahuaca,71224,71224
20,093,San Andrés Lagunas,69550,69555
20,094,San Andrés Nuxiño,69951,69954
20,095,San Andrés Paxtlán,70868,70869
20,096,San Andrés Sinaxtla,69665,69665
20,097,San Andrés Solaga,68844,68846
20,098,San Andrés Teotilálpam,68630,68633
20,099,San Andrés Tepetlapa,69160,69160
20,100,San Andrés Yaá,68854,68854
20,101,San Andrés Zabache,71548,71548
20,102,San Andrés Zautla,68244,68244
20,103,San Antonino Castillo Velasco,71520,71520
20,104,San Antonino el Alto,71344,71346
20,105,San Antonino Monte Verde,69546,69548
20,106,San Antonio Acutla,69526,69526
20,107,San Antonio de la Cal,71250,71256
20,108,San Antonio Huitepec,71305,71308
20,109,San Antonio Nanahuatípam,68565,68569
20,110,San Antonio Sinicahua,69870,69873
20,111,San Antonio Tepetlapa,71650,71650
20,112,San Baltazar Chichicápam,71537,71537
20,113,San Baltazar Loxicha,70930,70930
20,114,San Baltazar Yatzachi el Bajo,68860,68865
20,115,San Bartolo Coyotepec,71294,71295
20,116,San Bartolomé Ayautla,68577,68578
20,117,San Bartolomé Loxicha,70940,70943
20,118,San Bartolomé Quialana,70474,70474
20,119,San Bartolomé Yucuañe,69850,69850
20,120,San Bartolomé Zoogocho,68857,68857
20,121,San Bartolo Soyaltepec,69565,69569
20,122,San Bartolo Yautepec,70550,70550
20,123,San Bernardo Mixtepec,71210,71213
20,124,San Blas Atempa,70786,70789
20,125,San Carlos Yautepec,70500,70517
20,126,San Cristóbal Amatlán,70835,70837
20,127,San Cristóbal Amoltepec,69837,69838
20,128,San Cristóbal Lachirioag,68830,68830
20,129,San Cristóbal Suchixtlahuaca,69380,69380
20,130,San Dionisio del Mar,70137,70138
20,131,San Dionisio Ocotepec,70495,70497
20,132,San Dionisio Ocotlán,71526,71528
20,133,San Esteban Atatlahuca,71120,71124
20,134,San Felipe Jalapa de Díaz,68460,68464
20,135,San Felipe Tejalápam,68260,68262
20,136,San Felipe Usila,68490,68497
20,137,San Francisco Cahuacuá,71370,71374
20,138,San Francisco Cajonos,68875,68877
20,139,San Francisco Chapulapa,68635,68638
20,140,San Francisco Chindúa,69685,69687
20,141,San Francisco del Mar,70146,70148
20,142,San Francisco Huehuetlán,68520,68523
20,143,San Francisco Ixhuatán,70175,70178
20,144,San Francisco Jaltepetongo,69935,69937
20,145,San Francisco Lachigoló,70424,70424
20,146,San Francisco Logueche,70818,70818
20,147,San Francisco Nuxaño,69925,69925
20,148,San Francisco Ozolotepec,70887,70889
20,149,San Francisco Sola,71470,71470
20,150,San Francisco Telixtlahuaca,68213,68216
20,151,San Francisco Teopan,69345,69345
20,152,San Francisco Tlapancingo,69480,69485
20,153,San Gabriel Mixtepec,71970,71974
20,154,San Ildefonso Amatlán,70828,70829
20,155,San Ildefonso Sola,71480,71483
20,156,San Ildefonso Villa Alta,68800,68804
20,157,San Jacinto Amilpas,68285,68285
20,158,San Jacinto Tlacotepec,71275,71277
20,159,San Jerónimo Coatlán,70843,70845
20,160,San Jerónimo Silacayoapilla,69055,69059
20,161,San Jerónimo Sosola,68207,68209
20,162,San Jerónimo Taviche,71545,71545
20,163,San Jerónimo Tecóatl,68550,68552
20,164,San Jorge Nuchita,69280,69282
20,165,San José Ayuquila,69230,69231
20,166,San José Chiltepec,68456,68459
20,167,San José del Peñasco,70833,70833
20,168,San José Estancia Grande,71686,71686
20,169,San José Independencia,68407,68407
20,170,San José Lachiguiri,70813,70814
20,171,San José Tenango,68570,68574
20,172,San Juan Achiutla,69830,69830
20,173,San Juan Atepec,68730,68730
20,174,Ánimas Trujano,71270,71274
20,175,San Juan Bautista Atatlahuca,68204,68205
20,176,San Juan Bautista Coixtlahuaca,69300,69307
20,177,San Juan Bautista Cuicatlán,68600,68609
20,178,San Juan Bautista Guelache,68234,68236
20,179,San Juan Bautista Jayacatlán,68210,68210
20,180,San Juan Bautista Lo de Soto,71620,71624
20,181,San Juan Bautista Suchitepec,69040,69041
20,182,San Juan Bautista Tlacoatzintepec,68650,68652
20,183,San Juan Bautista Tlachichilco,69190,69193
20,184,San Juan Bautista Tuxtepec,68300,68449
20,185,San Juan Cacahuatepec,71610,71615
20,186,San Juan Cieneguilla,69110,69110
20,187,San Juan Coatzóspam,68557,68558
20,188,San Juan Colorado,71720,71724
20,189,San Juan Comaltepec,68990,68997
20,190,San Juan Cotzocón,70210,70229
20,191,San Juan Chicomezúchil,68757,68757
20,192,San Juan Chilateca,71508,71508
20,193,San Juan del Estado,68224,68224
20,194,San Juan del Río,70470,70470
20,195,San Juan Diuxi,69946,69946
20,196,San Juan Evangelista Analco,68748,68748
20,197,San Juan Guelavía,70464,70464
20,198,San Juan Guichicovi,70330,70347
20,199,San Juan Ihualtepec,69130,69139
20,200,San Juan Juquila Mixes,70520,70529
20,201,San Juan Juquila Vijanos,68827,68828
20,202,San Juan Lachao,71940,71947
20,203,San Juan Lachigalla,71575,71578
20,204,San Juan Lajarcia,70546,70546
20,205,San Juan Lalana,68940,68957
20,206,San Juan de los Cués,68585,68588
20,207,San Juan Mazatlán,70230,70249
20,208,San Juan Mixtepec -Dto. 08 -,69770,69777
20,209,San Juan Mixtepec -Dto. 26 -,70838,70838
20,210,San Juan Ñumí,69807,69809
20,211,San Juan Ozolotepec,70897,70899
20,212,San Juan Petlapa,68980,68987
20,213,San Juan Quiahije,71870,71870
20,214,San Juan Quiotepec,68704,68706
20,215,San Juan Sayultepec,69675,69676
20,216,San Juan Tabaá,68847,68847
20,217,San Juan Tamazola,69955,69957
20,218,San Juan Teita,69895,69895
20,219,San Juan Teitipac,70453,70453
20,220,San Juan Tepeuxila,68660,68661
20,221,San Juan Teposcolula,69560,69564
20,222,San Juan Yaeé,68810,68812
20,223,San Juan Yatzona,68817,68817
20,224,San Juan Yucuita,69670,69670
20,225,San Lorenzo,71760,71762
20,226,San Lorenzo Albarradas,70477,70479
20,227,San Lorenzo Cacaotepec,68263,68264
20,228,San Lorenzo Cuaunecuiltitla,68518,68518
20,229,San Lorenzo Texmelúcan,71450,71459
20,230,San Lorenzo Victoria,69430,69430
20,231,San Lucas Camotlán,70296,70296
20,232,San Lucas Ojitlán,68470,68479
20,233,San Lucas Quiaviní,70467,70467
20,234,San Lucas Zoquiápam,68560,68564
20,235,San Luis Amatlán,70810,70811
20,236,San Marcial Ozolotepec,70894,70894
20,237,San Marcos Arteaga,69270,69273
20,238,San Martín de los Cansecos,71560,71560
20,239,San Martín Huamelúlpam,69815,69818
20,240,San Martín Itunyoso,69845,69846
20,241,San Martín Lachilá,71562,71562
20,242,San Martín Peras,69780,69787
20,243,San Martín Tilcajete,71506,71506
20,244,San Martín Toxpalan,68547,68548
20,245,San Martín Zacatepec,69235,69235
20,246,San Mateo Cajonos,68880,68880
20,247,Capulálpam de Méndez,68760,68760
20,248,San Mateo del Mar,70780,70785
20,249,San Mateo Yoloxochitlán,68575,68575
20,250,San Mateo Etlatongo,69690,69693
20,251,San Mateo Nejápam,69180,69183
20,252,San Mateo Peñasco,69875,69875
20,253,San Mateo Piñas,70970,70973
20,254,San Mateo Río Hondo,70860,70864
20,255,San Mateo Sindihui,69995,69995
20,256,San Mateo Tlapiltepec,69355,69355
20,257,San Melchor Betaza,68850,68851
20,258,San Miguel Achiutla,69840,69841
20,259,San Miguel Ahuehuetitlán,69170,69171
20,260,San Miguel Aloápam,68737,68737
20,261,San Miguel Amatitlán,69240,69249
20,262,San Miguel Amatlán,68785,68786
20,263,San Miguel Coatlán,70874,70875
20,264,San Miguel Chicahua,69615,69616
20,265,San Miguel Chimalapa,70155,70158
20,266,San Miguel del Puerto,70990,70995
20,267,San Miguel del Río,68754,68754
20,268,San Miguel Ejutla,71588,71588
20,269,San Miguel el Grande,71140,71145
20,270,San Miguel Huautla,69610,69610
20,271,San Miguel Mixtepec,71218,71218
20,272,San Miguel Panixtlahuaca,71890,71890
20,273,San Miguel Peras,71326,71328
20,274,San Miguel Piedras,69990,69991
20,275,San Miguel Quetzaltepec,70288,70289
20,276,San Miguel Santa Flor,68624,68624
20,277,Villa Sola de Vega,71410,71427
20,278,San Miguel Soyaltepec,68430,68434
20,279,San Miguel Suchixtepec,70880,70882
20,280,Villa Talea de Castro,68820,68822
20,281,San Miguel Tecomatlán,69915,69915
20,282,San Miguel Tenango,70795,70795
20,283,San Miguel Tequixtepec,69360,69369
20,284,San Miguel Tilquiápam,71530,71530
20,285,San Miguel Tlacamama,71670,71678
20,286,San Miguel Tlacotepec,69730,69737
20,287,San Miguel Tulancingo,69370,69370
20,288,San Miguel Yotao,68778,68778
20,289,San Nicolás,70806,70806
20,290,San Nicolás Hidalgo,69140,69145
20,291,San Pablo Coatlán,70855,70855
20,292,San Pablo Cuatro Venados,71330,71334
20,293,San Pablo Etla,68258,68259
20,294,San Pablo Huitzo,68220,68223
20,295,San Pablo Huixtepec,71265,71268
20,296,San Pablo Macuiltianguis,68720,68722
20,297,San Pablo Tijaltepec,71150,71155
20,298,San Pablo Villa de Mitla,70430,70439
20,299,San Pablo Yaganiza,68895,68895
20,300,San Pedro Amuzgos,71070,71077
20,301,San Pedro Apóstol,71540,71540
20,302,San Pedro Atoyac,71710,71715
20,303,San Pedro Cajonos,68885,68885
20,304,San Pedro Coxcaltepec Cántaros,69640,69645
20,305,San Pedro Comitancillo,70750,70750
20,306,San Pedro el Alto,70966,70967
20,307,San Pedro Huamelula,70770,70776
20,308,San Pedro Huilotepec,70777,70777
20,309,San Pedro Ixcatlán,68450,68455
20,310,San Pedro Ixtlahuaca,71246,71248
20,311,San Pedro Jaltepetongo,68685,68685
20,312,San Pedro Jicayán,71740,71747
20,313,San Pedro Jocotipac,68675,68675
20,314,San Pedro Juchatengo,71920,71923
20,315,San Pedro Mártir,71525,71525
20,316,San Pedro Mártir Quiechapa,70580,70580
20,317,San Pedro Mártir Yucuxaco,69810,69812
20,318,San Pedro Mixtepec -Dto. 22 -,71980,71998
20,319,San Pedro Mixtepec -Dto. 26 -,70839,70839
20,320,San Pedro Molinos,69885,69885
20,321,San Pedro Nopala,69516,69519
20,322,San Pedro Ocopetatillo,68524,68524
20,323,San Pedro Ocotepec,70293,70294
20,324,San Pedro Pochutla,70900,70905
20,325,San Pedro Quiatoni,70486,70488
20,326,San Pedro Sochiápam,68665,68666
20,327,San Pedro Tapanatepec,70180,70189
20,328,San Pedro Taviche,71557,71557
20,329,San Pedro Teozacoalco,69980,69983
20,330,San Pedro Teutila,68620,68622
20,331,San Pedro Tidaá,69930,69930
20,332,San Pedro Topiltepec,69590,69591
20,333,San Pedro Totolápam,70480,70484
20,334,Villa de Tututepec de Melchor Ocampo,71800,71847
20,335,San Pedro Yaneri,68734,68735
20,336,San Pedro Yólox,68707,68708
20,337,San Pedro y San Pablo Ayutla,70283,70284
20,338,Villa de Etla,68200,68200
20,339,San Pedro y San Pablo Teposcolula,69500,69504
20,340,San Pedro y San Pablo Tequixtepec,69030,69038
20,341,San Pedro Yucunama,69556,69556
20,342,San Raymundo Jalpan,71280,71280
20,343,San Sebastián Abasolo,70407,70408
20,344,San Sebastián Coatlán,70850,70854
20,345,San Sebastián Ixcapa,71640,71648
20,346,San Sebastián Nicananduta,69574,69574
20,347,San Sebastián Río Hondo,70877,70878
20,348,San Sebastián Tecomaxtlahuaca,69740,69753
20,349,San Sebastián Teitipac,70426,70426
20,350,San Sebastián Tutla,71320,71324
20,351,San Simón Almolongas,70808,70808
20,352,San Simón Zahuatlán,69265,69265
20,353,Santa Ana,70820,70820
20,354,Santa Ana Ateixtlahuaca,68515,68515
20,355,Santa Ana Cuauhtémoc,68614,68614
20,356,Santa Ana del Valle,70428,70428
20,357,Santa Ana Tavela,70540,70540
20,358,Santa Ana Tlapacoyan,71360,71364
20,359,Santa Ana Yareni,68745,68745
20,360,Santa Ana Zegache,71516,71517
20,361,Santa Catalina Quierí,70595,70595
20,362,Santa Catarina Cuixtla,70830,70830
20,363,Santa Catarina Ixtepeji,68774,68777
20,364,Santa Catarina Juquila,71900,71917
20,365,Santa Catarina Lachatao,68780,68783
20,366,Santa Catarina Loxicha,70910,70910
20,367,Santa Catarina Mechoacán,71780,71780
20,368,Santa Catarina Minas,71534,71534
20,369,Santa Catarina Quiané,71350,71354
20,370,Santa Catarina Tayata,69834,69836
20,371,Santa Catarina Ticuá,71125,71125
20,372,Santa Catarina Yosonotú,71136,71136
20,373,Santa Catarina Zapoquila,69045,69047
20,374,Santa Cruz Acatepec,68527,68527
20,375,Santa Cruz Amilpas,71226,71228
20,376,Santa Cruz de Bravo,69460,69460
20,377,Santa Cruz Itundujia,71190,71196
20,378,Santa Cruz Mixtepec,71214,71217
20,379,Santa Cruz Nundaco,69855,69859
20,380,Santa Cruz Papalutla,70456,70456
20,381,Santa Cruz Tacache de Mina,69260,69262
20,382,Santa Cruz Tacahua,71156,71157
20,383,Santa Cruz Tayata,69820,69820
20,384,Santa Cruz Xitla,70823,70823
20,385,Santa Cruz Xoxocotlán,71230,71238
20,386,Santa Cruz Zenzontepec,71365,71368
20,387,Santa Gertrudis,71340,71343
20,388,Santa Inés del Monte,71336,71338
20,389,Santa Inés Yatzeche,71297,71297
20,390,Santa Lucía del Camino,71240,71245
20,391,Santa Lucía Miahuatlán,70840,70842
20,392,Santa Lucía Monteverde,71160,71166
20,393,Santa Lucía Ocotlán,71543,71543
20,394,Santa María Alotepec,70270,70271
20,395,Santa María Apazco,69620,69621
20,396,Santa María la Asunción,68553,68553
20,397,Heroica Ciudad de Tlaxiaco,69800,69806
20,398,Ayoquezco de Aldama,71355,71359
20,399,Santa María Atzompa,71220,71223
20,400,Santa María Camotlán,69080,69080
20,401,Santa María Colotepec,70934,70938
20,402,Santa María Cortijo,71655,71656
20,403,Santa María Coyotepec,71290,71292
20,404,Santa María Chachoápam,69630,69633
20,405,Villa de Chilapa de Díaz,69540,69545
20,406,Santa María Chilchotla,68510,68514
20,407,Santa María Chimalapa,70360,70367
20,408,Santa María del Rosario,69827,69828
20,409,Santa María del Tule,68297,68299
20,410,Santa María Ecatepec,70560,70569
20,411,Santa María Guelacé,70417,70417
20,412,Santa María Guienagati,70735,70738
20,413,Santa María Huatulco,70980,70989
20,414,Santa María Huazolotitlán,71790,71799
20,415,Santa María Ipalapa,71091,71096
20,416,Santa María Ixcatlán,68595,68595
20,417,Santa María Jacatepec,68465,68468
20,418,Santa María Jalapa del Marqués,70710,70715
20,419,Santa María Jaltianguis,68750,68750
20,420,Santa María Lachixío,71430,71437
20,421,Santa María Mixtequilla,70755,70756
20,422,Santa María Nativitas,69390,69394
20,423,Santa María Nduayaco,69580,69584
20,424,Santa María Ozolotepec,70870,70872
20,425,Santa María Pápalo,68655,68659
20,426,Santa María Peñoles,68266,68267
20,427,Santa María Petapa,70370,70373
20,428,Santa María Quiegolani,70586,70588
20,429,Santa María Sola,71460,71461
20,430,Santa María Tataltepec,69880,69880
20,431,Santa María Tecomavaca,68590,68590
20,432,Santa María Temaxcalapa,68834,68834
20,433,Santa María Temaxcaltepec,71950,71953
20,434,Santa María Teopoxco,68544,68545
20,435,Santa María Tepantlali,70286,70287
20,436,Santa María Texcatitlán,68680,68680
20,437,Santa María Tlahuitoltepec,70265,70267
20,438,Santa María Tlalixtac,68627,68627
20,439,Santa María Tonameca,70944,70949
20,440,Santa María Totolapilla,70716,70716
20,441,Santa María Xadani,70125,70125
20,442,Santa María Yalina,68840,68840
20,443,Santa María Yavesía,68790,68790
20,444,Santa María Yolotepec,71176,71176
20,445,Santa María Yosoyúa,69890,69891
20,446,Santa María Yucuhiti,71110,71117
20,447,Santa María Zacatepec,71050,71068
20,448,Santa María Zaniza,71390,71394
20,449,Santa María Zoquitlán,70490,70490
20,450,Santiago Amoltepec,71385,71388
20,451,Santiago Apoala,69625,69627
20,452,Santiago Apóstol,71518,71518
20,453,Santiago Astata,70790,70790
20,454,Santiago Atitlán,70276,70276
20,455,Santiago Ayuquililla,69220,69223
20,456,Santiago Cacaloxtepec,69065,69065
20,457,Santiago Camotlán,68805,68807
20,458,Santiago Comaltepec,68710,68714
20,459,Santiago Chazumba,69010,69017
20,460,Santiago Choápam,68900,68904
20,461,Santiago del Río,69490,69492
20,462,Santiago Huajolotitlán,69090,69094
20,463,Santiago Huauclilla,69651,69659
20,464,Santiago Ihuitlán Plumas,69330,69333
20,465,Santiago Ixcuintepec,70298,70298
20,466,Santiago Ixtayutla,71730,71737
20,467,Santiago Jamiltepec,71700,71708
20,468,Santiago Jocotepec,68920,68928
20,469,Santiago Juxtlahuaca,69700,69729
20,470,Santiago Lachiguiri,70705,70707
20,471,Santiago Lalopa,68814,68814
20,472,Santiago Laollaga,70720,70723
20,473,Santiago Laxopa,68795,68797
20,474,Santiago Llano Grande,71660,71660
20,475,Santiago Matatlán,70440,70445
20,476,Santiago Miltepec,69050,69052
20,477,Santiago Minas,71490,71494
20,478,Santiago Nacaltepec,68690,68696
20,479,Santiago Nejapilla,69595,69595
20,480,Santiago Nundiche,69824,69826
20,481,Santiago Nuyoó,71130,71134
20,482,Santiago Pinotepa Nacional,71600,71608
20,483,Santiago Suchilquitongo,68230,68233
20,484,Santiago Tamazola,69100,69106
20,485,Santiago Tapextla,71680,71685
20,486,Villa Tejúpam de la Unión,69530,69535
20,487,Santiago Tenango,68217,68219
20,488,Santiago Tepetlapa,69375,69375
20,489,Santiago Tetepec,71784,71789
20,490,Santiago Texcalcingo,68535,68535
20,491,Santiago Textitlán,71380,71384
20,492,Santiago Tilantongo,69940,69945
20,493,Santiago Tillo,69680,69681
20,494,Santiago Tlazoyaltepec,68268,68269
20,495,Santiago Xanica,70890,70893
20,496,Santiago Xiacuí,68767,68768
20,497,Santiago Yaitepec,71930,71930
20,498,Santiago Yaveo,68960,68970
20,499,Santiago Yolomécatl,69570,69570
20,500,Santiago Yosondúa,71180,71187
20,501,Santiago Yucuyachi,69420,69421
20,502,Santiago Zacatepec,70200,70201
20,503,Santiago Zoochila,68866,68866
20,504,Nuevo Zoquiápam,68764,68765
20,505,Santo Domingo Ingenio,70120,70124
20,506,Santo Domingo Albarradas,70446,70446
20,507,Santo Domingo Armenta,71690,71699
20,508,Santo Domingo Chihuitán,70730,70730
20,509,Santo Domingo de Morelos,70906,70908
20,510,Santo Domingo Ixcatlán,71146,71146
20,511,Santo Domingo Nuxaá,69960,69964
20,512,Santo Domingo Ozolotepec,70884,70884
20,513,Santo Domingo Petapa,70350,70356
20,514,Santo Domingo Roayaga,68837,68837
20,515,Santo Domingo Tehuantepec,70760,70769
20,516,Santo Domingo Teojomulco,71395,71399
20,517,Santo Domingo Tepuxtepec,70206,70207
20,518,Santo Domingo Tlatayápam,69577,69577
20,519,Santo Domingo Tomaltepec,68293,68293
20,520,Santo Domingo Tonalá,69290,69293
20,521,Santo Domingo Tonaltepec,69536,69537
20,522,Santo Domingo Xagacía,68890,68890
20,523,Santo Domingo Yanhuitlán,69660,69661
20,524,Santo Domingo Yodohino,69296,69296
20,525,Santo Domingo Zanatepec,70160,70168
20,526,Santos Reyes Nopala,71960,71967
20,527,Santos Reyes Pápalo,68645,68645
20,528,Santos Reyes Tepejillo,69760,69760
20,529,Santos Reyes Yucuná,69287,69287
20,530,Santo Tomás Jalieza,71507,71507
20,531,Santo Tomás Mazaltepec,68254,68254
20,532,Santo Tomás Ocotepec,69865,69868
20,533,Santo Tomás Tamazulapan,70866,70866
20,534,San Vicente Coatlán,71595,71597
20,535,San Vicente Lachixío,71440,71440
20,536,San Vicente Nuñú,69585,69585
20,537,Silacayoápam,69400,69412
20,538,Sitio de Xitlapehua,70816,70816
20,539,Soledad Etla,68250,68250
20,540,Villa de Tamazulápam del Progreso,69510,69513
20,541,Tanetze de Zaragoza,68824,68826
20,542,Taniche,71586,71586
20,543,Tataltepec de Valdés,71850,71857
20,544,Teococuilco de Marcos Pérez,68740,68740
20,545,Teotitlán de Flores Magón,68540,68543
20,546,Teotitlán del Valle,70420,70423
20,547,Teotongo,69520,69524
20,548,Tepelmeme Villa de Morelos,69310,69314
20,549,Tezoatlán de Segura y Luna,69200,69209
20,550,San Jerónimo Tlacochahuaya,70460,70461
20,551,Tlacolula de Matamoros,70400,70406
20,552,Tlacotepec Plumas,69340,69340
20,553,Tlalixtac de Cabrera,68270,68270
20,554,Totontepec Villa de Morelos,70250,70257
20,555,Trinidad Zaachila,71284,71286
20,556,La Trinidad Vista Hermosa,69507,69509
20,557,Unión Hidalgo,70150,70150
20,558,Valerio Trujano,68670,68672
20,559,San Juan Bautista Valle Nacional,68480,68488
20,560,Villa Díaz Ordaz,70410,70412
20,561,Yaxe,71554,71554
20,562,Magdalena Yodocono de Porfirio Díaz,69910,69912
20,563,Yogana,71590,71590
20,564,Yutanduchi de Guerrero,69970,69970
20,565,Villa de Zaachila,71310,71318
20,566,San Mateo Yucutindoo,71375,71378
20,567,Zapotitlán Lagunas,69120,69127
20,568,Zapotitlán Palmas,69060,69060
20,569,Santa Inés de Zaragoza,69695,69696
20,570,Zimatlán de Álvarez,71200,71207
21,001,Acajete,75110,75119
21,002,Acateno,73590,73598
21,003,Acatlán,74940,74949
21,004,Acatzingo,75150,75159
21,005,Acteopan,74510,74516
21,006,Ahuacatlán,73330,73338
21,007,Ahuatlán,74640,74649
21,008,Ahuazotepec,73180,73195
21,009,Ahuehuetitla,74850,74859
21,010,Ajalpan,75910,75917
21,011,Albino Zertuche,74780,74780
21,012,Aljojuca,75180,75187
21,013,Altepexi,75950,75950
21,014,Amixtlán,73360,73364
21,015,Amozoc,72980,72998
21,016,Aquixtla,73620,73638
21,017,Atempan,73940,73949
21,018,Atexcal,75840,75849
21,019,Atlixco,74200,74369
21,020,Atoyatempan,75620,75620
21,021,Atzala,74590,74590
21,022,Atzitzihuacán,74500,74508
21,023,Atzitzintla,75540,75558
21,024,Axutla,74830,74838
21,025,Ayotoxco de Guerrero,73570,73579
21,026,Calpan,74180,74183
21,027,Caltepec,75890,75897
21,028,Camocuautla,73420,73425
21,029,Caxhuacan,73520,73520
21,030,Coatepec,73410,73410
21,031,Coatzingo,74650,74656
21,032,Cohetzala,74740,74741
21,033,Cohuecan,74520,74522
21,034,Coronango,72670,72685
21,035,Coxcatlán,75980,75989
21,036,Coyomeapan,75990,75997
21,037,Coyotepec,74910,74917
21,038,Cuapiaxtla de Madero,75420,75421
21,039,Cuautempan,73600,73615
21,040,Cuautinchán,75220,75238
21,041,Cuautlancingo,72700,72735
21,042,Cuayuca de Andrade,74810,74818
21,043,Cuetzalan del Progreso,73560,73566
21,044,Cuyoaco,73980,73989
21,045,Chalchicomula de Sesma,75520,75539
21,046,Chapulco,75810,75810
21,047,Chiautla,74730,74737
21,048,Chiautzingo,74150,74155
21,049,Chiconcuautla,73320,73329
21,050,Chichiquila,75090,75098
21,051,Chietla,74580,74589
21,052,Chigmecatitlán,74670,74670
21,053,Chignahuapan,73298,73309
21,054,Chignautla,73950,73958
21,055,Chila,74990,74998
21,056,Chila de la Sal,74760,74760
21,057,Honey,73120,73135
21,058,Chilchotla,75070,75074
21,059,Chinantla,74840,74847
21,060,Domingo Arenas,74170,74173
21,061,Eloxochitlán,75920,75925
21,062,Epatlán,74630,74635
21,063,Esperanza,75560,75571
21,064,Francisco Z. Mena,73000,73015
21,065,General Felipe Ángeles,75170,75179
21,066,Guadalupe,74890,74897
21,067,Guadalupe Victoria,75040,75049
21,068,Hermenegildo Galeana,73390,73397
21,069,Huaquechula,74370,74379
21,070,Huatlatlauca,75380,75399
21,071,Huauchinango,73160,73178
21,072,Huehuetla,73470,73477
21,073,Huehuetlán el Chico,74720,74729
21,074,Huejotzingo,74160,74169
21,075,Hueyapan,73920,73928
21,076,Hueytamalco,73580,73588
21,077,Hueytlalpan,73430,73438
21,078,Huitzilan de Serdán,73450,73457
21,079,Huitziltepec,75640,75641
21,080,Atlequizayan,73490,73495
21,081,Ixcamilpa de Guerrero,74770,74777
21,082,Ixcaquixtla,74900,74909
21,083,Ixtacamaxtitlán,73720,73739
21,084,Ixtepec,73480,73486
21,085,Izúcar de Matamoros,74400,74578
21,086,Jalpan,73050,73058
21,087,Jolalpan,74710,74716
21,088,Jonotla,73530,73539
21,089,Jopala,73260,73276
21,090,Juan C. Bonilla,72640,72669
21,091,Juan Galindo,73200,73215
21,092,Juan N. Méndez,75690,75699
21,093,Lafragua,75060,75069
21,094,Libres,73780,73799
21,095,La Magdalena Tlatlauquitepec,75340,75340
21,096,Mazapiltepec de Juárez,75130,75138
21,097,Mixtla,75260,75270
21,098,Molcaxac,75650,75659
21,099,Cañada Morelos,75580,75597
21,100,Naupan,73140,73147
21,101,Nauzontla,73550,73557
21,102,Nealtican,74300,74305
21,103,Nicolás Bravo,75830,75837
21,104,Nopalucan,75120,75129
21,105,Ocotepec,73760,73774
21,106,Ocoyucan,72850,72867
21,107,Olintla,73400,73407
21,108,Oriental,75020,75029
21,109,Pahuatlán,73100,73119
21,110,Palmar de Bravo,75500,75515
21,111,Pantepec,73020,73029
21,112,Petlalcingo,74970,74979
21,113,Piaxtla,74880,74889
21,114,Puebla,72000,72978
21,115,Quecholac,75460,75476
21,116,Quimixtlán,75080,75089
21,117,Rafael Lara Grajales,75000,75000
21,118,Los Reyes de Juárez,75400,75415
21,119,San Andrés Cholula,72803,72848
21,120,San Antonio Cañada,75860,75867
21,121,San Diego la Mesa Tochimiltzingo,74380,74389
21,122,San Felipe Teotlalcingo,74140,74144
21,123,San Felipe Tepatlán,73350,73357
21,124,San Gabriel Chilac,75880,75886
21,125,San Gregorio Atzompa,74320,74325
21,126,San Jerónimo Tecuanipan,74310,74310
21,127,San Jerónimo Xayacatlán,74950,74957
21,128,San José Chiapa,75010,75016
21,129,San José Miahuatlán,75970,75975
21,130,San Juan Atenco,75190,75197
21,131,San Juan Atzompa,75360,75360
21,132,San Martín Texmelucan,74000,74129
21,133,San Martín Totoltepec,74610,74610
21,134,San Matías Tlalancaleca,74110,74117
21,135,San Miguel Ixitlán,74980,74986
21,136,San Miguel Xoxtla,72620,72620
21,137,San Nicolás Buenos Aires,75030,75039
21,138,San Nicolás de los Ranchos,74190,74190
21,139,San Pablo Anicano,74860,74868
21,140,San Pedro Cholula,72750,72788
21,141,San Pedro Yeloixtlahuaca,74960,74966
21,142,San Salvador el Seco,75160,75169
21,143,San Salvador el Verde,74130,74139
21,144,San Salvador Huixcolotla,75440,75445
21,145,San Sebastián Tlacotepec,75940,75949
21,146,Santa Catarina Tlaltempan,74660,74660
21,147,Santa Inés Ahuatempan,74820,74826
21,148,Santa Isabel Cholula,74350,74358
21,149,Santiago Miahuatlán,75820,75827
21,150,Huehuetlán el Grande,75320,75338
21,151,Santo Tomás Hueyotlipan,75280,75290
21,152,Soltepec,75140,75148
21,153,Tecali de Herrera,75240,75259
21,154,Tecamachalco,75480,75499
21,155,Tecomatlán,74870,74876
21,156,Tehuacán,75700,75859
21,157,Tehuitzingo,74800,74808
21,158,Tenampulco,73500,73509
21,159,Teopantlán,74600,74600
21,160,Teotlalco,74700,74708
21,161,Tepanco de López,75800,75809
21,162,Tepango de Rodríguez,73370,73376
21,163,Tepatlaxco de Hidalgo,75100,75100
21,164,Tepeaca,75200,75219
21,165,Tepemaxalco,74530,74534
21,166,Tepeojuma,74390,74397
21,167,Tepetzintla,73340,73348
21,168,Tepexco,74550,74557
21,169,Tepexi de Rodríguez,74690,74699
21,170,Tepeyahualco,73990,73999
21,171,Tepeyahualco de Cuauhtémoc,75630,75635
21,172,Tetela de Ocampo,73640,73659
21,173,Teteles de Avila Castillo,73930,73939
21,174,Teziutlán,73800,73968
21,175,Tianguismanalco,74340,74348
21,176,Tilapa,74560,74568
21,177,Tlacotepec de Benito Juárez,75680,75689
21,178,Tlacuilotepec,73070,73077
21,179,Tlachichuca,75050,75059
21,180,Tlahuapan,74100,74109
21,181,Tlaltenango,72600,72600
21,182,Tlanepantla,75600,75600
21,183,Tlaola,73220,73237
21,184,Tlapacoya,73280,73289
21,185,Tlapanalá,74540,74547
21,186,Tlatlauquitepec,73900,73909
21,187,Tlaxco,73060,73069
21,188,Tochimilco,74330,74339
21,189,Tochtepec,75610,75618
21,190,Totoltepec de Guerrero,74930,74935
21,191,Tulcingo,74790,74798
21,192,Tuzamapan de Galeana,73510,73518
21,193,Tzicatlacoyan,75300,75311
21,194,Venustiano Carranza,73030,73049
21,195,Vicente Guerrero,75900,75909
21,196,Xayacatlán de Bravo,74920,74928
21,197,Xicotepec,73080,73099
21,198,Xicotlán,74750,74757
21,199,Xiutetelco,73970,73978
21,200,Xochiapulco,73660,73674
21,201,Xochiltepec,74620,74620
21,202,Xochitlán de Vicente Suárez,73460,73468
21,203,Xochitlán Todos Santos,75660,75667
21,204,Yaonáhuac,73910,73918
21,205,Yehualtepec,75670,75679
21,206,Zacapala,74680,74688
21,207,Zacapoaxtla,73680,73698
21,208,Zacatlán,73310,73319
21,209,Zapotitlán,75870,75879
21,210,Zapotitlán de Méndez,73440,73440
21,211,Zaragoza,73700,73702
21,212,Zautla,73740,73759
21,213,Zihuateutla,73240,73259
21,214,Zinacatepec,75960,75960
21,215,Zongozotla,73380,73386
21,216,Zoquiapan,73540,73540
21,217,Zoquitlán,75930,75935
22,001,Amealco de Bonfil,76850,76897
22,002,Pinal de Amoles,76300,76337
22,003,Arroyo Seco,76400,76440
22,004,Cadereyta de Montes,76500,76548
22,005,Colón,76270,76299
22,006,Corregidora,76900,76928
22,007,Ezequiel Montes,76650,76697
22,008,Huimilpan,76950,76998
22,009,Jalpan de Serra,76340,76359
22,010,Landa de Matamoros,76360,76399
22,011,El Marqués,76240,76269
22,012,Pedro Escobedo,76700,76746
22,013,Peñamiller,76450,76499
22,014,Querétaro,76000,76238
22,015,San Joaquín,76550,76575
22,016,San Juan del Río,76800,76849
22,017,Tequisquiapan,76750,76799
22,018,Tolimán,76600,76649
23,001,Cozumel,77600,77676
23,002,Felipe Carrillo Puerto,77100,77259
23,003,Isla Mujeres,77400,77412
23,004,Othón P. Blanco,77000,77997
23,005,Benito Juárez,77500,77586
23,006,José María Morelos,77800,77899
23,007,Lázaro Cárdenas,77300,77398
23,008,Solidaridad,77710,77753
23,009,Tulum,77760,77796
23,010,Bacalar,77900,77947
24,001,Ahualulco,78450,78457
24,002,Alaquines,79360,79377
24,003,Aquismón,79760,79777
24,004,Armadillo de los Infante,78980,78997
24,005,Cárdenas,79380,79397
24,006,Catorce,78540,78567
24,007,Cedral,78520,78537
24,008,Cerritos,79400,79447
24,009,Cerro de San Pedro,78440,78448
24,010,Ciudad del Maíz,79320,79357
24,011,Ciudad Fernández,79650,79677
24,012,Tancanhuitz,79800,79807
24,013,Ciudad Valles,79000,79287
24,014,Coxcatlán,79860,79879
24,015,Charcas,78570,78597
24,016,Ebano,79100,79297
24,017,Guadalcázar,78870,78897
24,018,Huehuetlán,79880,79895
24,019,Lagunillas,79780,79788
24,020,Matehuala,78700,78827
24,021,Mexquitic de Carmona,78460,78487
24,022,Moctezuma,78900,78919
24,023,Rayón,79740,79755
24,024,Rioverde,79600,79647
24,025,Salinas,78600,78626
24,026,San Antonio,79830,79837
24,027,San Ciro de Acosta,79680,79697
24,028,San Luis Potosí,78000,78427
24,029,San Martín Chalchicuautla,79950,79958
24,030,San Nicolás Tolentino,79480,79493
24,031,Santa Catarina,79790,79798
24,032,Santa María del Río,79560,79589
24,033,Santo Domingo,78630,78649
24,034,San Vicente Tancuayalab,79820,79826
24,035,Soledad de Graciano Sánchez,78430,78439
24,036,Tamasopo,79702,79733
24,037,Tamazunchale,79960,79997
24,038,Tampacán,79940,79948
24,039,Tampamolón Corona,79850,79859
24,040,Tamuín,79200,79228
24,041,Tanlajás,79810,79819
24,042,Tanquián de Escobedo,79840,79849
24,043,Tierra Nueva,79590,79599
24,044,Vanegas,78500,78514
24,045,Venado,78920,78937
24,046,Villa de Arriaga,78490,78497
24,047,Villa de Guadalupe,78840,78868
24,048,Villa de la Paz,78830,78837
24,049,Villa de Ramos,78660,78697
24,050,Villa de Reyes,79500,79533
24,051,Villa Hidalgo,78960,78979
24,052,Villa Juárez,79450,79471
24,053,Axtla de Terrazas,79930,79938
24,054,Xilitla,79900,79928
24,055,Zaragoza,79540,79557
24,056,Villa de Arista,78940,78958
24,057,Matlapa,79970,79978
24,058,El Naranjo,79300,79318
25,001,Ahome,81200,81393
25,002,Angostura,81600,81690
25,003,Badiraguato,80500,80687
25,004,Concordia,82600,82686
25,005,Cosalá,80700,80797
25,006,Culiacán,80000,80498
25,007,Choix,81700,81784
25,008,Elota,82700,82797
25,009,Escuinapa,82400,82592
25,010,El Fuerte,81800,81895
25,011,Guasave,81000,81197
25,012,Mazatlán,82000,82384
25,013,Mocorito,80800,80967
25,014,Rosario,82800,82887
25,015,Salvador Alvarado,81400,81545
25,016,San Ignacio,82902,82996
25,017,Sinaloa,81900,81997
25,018,Navolato,80320,80378
26,001,Aconchi,84920,84935
26,002,Agua Prieta,84200,84317
26,003,Alamos,85760,85777
26,004,Altar,83750,83797
26,005,Arivechi,85680,85695
26,006,Arizpe,84640,84657
26,007,Atil,83820,83837
26,008,Bacadéhuachi,84480,84496
26,009,Bacanora,85660,85676
26,010,Bacerac,84380,84397
26,011,Bacoachi,84680,84695
26,012,Bácum,85260,85278
26,013,Banámichi,84880,84895
26,014,Baviácora,84940,84957
26,015,Bavispe,84360,84377
26,016,Benjamín Hill,83900,83927
26,017,Caborca,83600,83735
26,018,Cajeme,85000,85219
26,019,Cananea,84620,84637
26,020,Carbó,83380,83397
26,021,La Colorada,85540,85556
26,022,Cucurpe,84660,84677
26,023,Cumpas,84500,84527
26,024,Divisaderos,84730,84747
26,025,Empalme,85300,85537
26,026,Etchojoa,85280,85288
26,027,Fronteras,84320,84336
26,028,Granados,84460,84460
26,029,Guaymas,85400,85513
26,030,Hermosillo,83000,83357
26,031,Huachinera,84400,84427
26,032,Huásabas,84530,84536
26,033,Huatabampo,85240,85994
26,034,Huépac,84860,84874
26,035,Imuris,84120,84137
26,036,Magdalena,84160,84178
26,037,Mazatán,85560,85565
26,038,Moctezuma,84560,84576
26,039,Naco,84180,84197
26,040,Nácori Chico,84440,84459
26,041,Nacozari de García,84340,84353
26,042,Navojoa,85220,85895
26,043,Nogales,84000,84117
26,044,Onavas,85740,85740
26,045,Opodepe,84800,84850
26,046,Oquitoa,83840,83840
26,047,Pitiquito,83960,83990
26,048,Puerto Peñasco,83550,83567
26,049,Quiriego,85720,85737
26,050,Rayón,84980,84990
26,051,Rosario,85700,85717
26,052,Sahuaripa,85600,85619
26,053,San Felipe de Jesús,84960,84969
26,054,San Javier,85620,85620
26,055,San Luis Río Colorado,83400,83540
26,056,San Miguel de Horcasitas,83360,83377
26,057,San Pedro de la Cueva,84700,84711
26,058,Santa Ana,84600,84617
26,059,Santa Cruz,84140,84147
26,060,Sáric,83860,83890
26,061,Soyopa,85640,85656
26,062,Suaqui Grande,85580,85580
26,063,Tepache,84750,84760
26,064,Trincheras,83930,83935
26,065,Tubutama,83800,83818
26,066,Ures,84900,84919
26,067,Villa Hidalgo,84580,84583
26,068,Villa Pesqueira,84770,84790
26,069,Yécora,85780,85798
26,070,General Plutarco Elías Calles,83570,83590
26,071,Benito Juárez,85290,85298
26,072,San Ignacio Río Muerto,85514,85519
27,001,Balancán,86930,86977
27,002,Cárdenas,86460,86599
27,003,Centla,86750,86768
27,004,Centro,86000,86298
27,005,Comalcalco,86300,86675
27,006,Cunduacán,86680,86698
27,007,Emiliano Zapata,86980,86998
27,008,Huimanguillo,86400,86456
27,009,Jalapa,86830,86864
27,010,Jalpa de Méndez,86200,86216
27,011,Jonuta,86770,86799
27,012,Macuspana,86700,86748
27,013,Nacajuca,86220,86247
27,014,Paraíso,86600,86621
27,015,Tacotalpa,86870,86899
27,016,Teapa,86800,86827
27,017,Tenosique,86900,86928
28,001,Abasolo,87760,87770
28,002,Aldama,89670,89679
28,003,Altamira,89600,89650
28,004,Antiguo Morelos,89960,89969
28,005,Burgos,88890,88898
28,006,Bustamante,87960,87969
28,007,Camargo,88440,88490
28,008,Casas,87250,87258
28,009,Ciudad Madero,89400,89590
28,010,Cruillas,87640,87655
28,011,Gómez Farías,89780,89797
28,012,González,89700,89746
28,013,Güémez,87230,87249
28,014,Guerrero,88370,88374
28,015,Gustavo Díaz Ordaz,88400,88439
28,016,Hidalgo,87800,87858
28,017,Jaumave,87930,87949
28,018,Jiménez,87700,87720
28,019,Llera,87200,87229
28,020,Mainero,87860,87875
28,021,El Mante,89800,89956
28,022,Matamoros,87300,87589
28,023,Méndez,88880,88882
28,024,Mier,88390,88390
28,025,Miguel Alemán,88300,88349
28,026,Miquihuana,87950,87957
28,027,Nuevo Laredo,88000,88350
28,028,Nuevo Morelos,89970,89970
28,029,Ocampo,87980,87997
28,030,Padilla,87780,87799
28,031,Palmillas,87970,87975
28,032,Reynosa,88500,88875
28,033,Río Bravo,88800,88995
28,034,San Carlos,87730,87755
28,035,San Fernando,87600,87636
28,036,San Nicolás,87660,87668
28,037,Soto la Marina,87670,87697
28,038,Tampico,89000,89369
28,039,Tula,87900,87929
28,040,Valle Hermoso,87500,87535
28,041,Victoria,87000,87279
28,042,Villagrán,87880,87898
28,043,Xicoténcatl,89750,89778
29,001,Amaxac de Guerrero,90620,90635
29,002,Apetatitlán de Antonio Carvajal,90600,90610
29,003,Atlangatepec,90410,90418
29,004,Atltzayanca,90550,90558
29,005,Apizaco,90300,90407
29,006,Calpulalpan,90200,90226
29,007,El Carmen Tequexquitla,90570,90577
29,008,Cuapiaxtla,90560,90568
29,009,Cuaxomulco,90660,90660
29,010,Chiautempan,90800,90821
29,011,Muñoz de Domingo Arenas,90420,90428
29,012,Españita,90290,90298
29,013,Huamantla,90500,90535
29,014,Hueyotlipan,90240,90247
29,015,Ixtacuixtla de Mariano Matamoros,90120,90134
29,016,Ixtenco,90580,90587
29,017,Mazatecochco de José María Morelos,90870,90877
29,018,Contla de Juan Cuamatzi,90670,90693
29,019,Tepetitla de Lardizábal,90700,90706
29,020,Sanctórum de Lázaro Cárdenas,90230,90234
29,021,Nanacamilpa de Mariano Arista,90280,90288
29,022,Acuamanala de Miguel Hidalgo,90860,90864
29,023,Natívitas,90710,90723
29,024,Panotla,90140,90156
29,025,San Pablo del Monte,90890,90990
29,026,Santa Cruz Tlaxcala,90640,90653
29,027,Tenancingo,90880,90887
29,028,Teolocholco,90850,90855
29,029,Tepeyanco,90180,90185
29,030,Terrenate,90540,90544
29,031,Tetla de la Solidaridad,90430,90438
29,032,Tetlatlahuca,90730,90734
29,033,Tlaxcala,90000,90118
29,034,Tlaxco,90250,90278
29,035,Tocatlán,90480,90484
29,036,Totolac,90160,90170
29,037,Ziltlaltépec de Trinidad Sánchez Santos,90590,90596
29,038,Tzompantepec,90490,90494
29,039,Xaloztoc,90460,90470
29,040,Xaltocan,90440,90444
29,041,Papalotla de Xicohténcatl,90790,90796
29,042,Xicohtzinco,90780,90780
29,043,Yauhquemehcan,90450,90459
29,044,Zacatelco,90740,90750
29,045,Benito Juárez,90235,90237
29,046,Emiliano Zapata,90547,90548
29,047,Lázaro Cárdenas,90545,90546
29,048,La Magdalena Tlaltelulco,90830,90835
29,049,San Damián Texóloc,90735,90737
29,050,San Francisco Tetlanohcan,90843,90847
29,051,San Jerónimo Zacualpan,90738,90738
29,052,San José Teacalco,90495,90498
29,053,San Juan Huactzinco,90195,90195
29,054,San Lorenzo Axocomanitla,90760,90760
29,055,San Lucas Tecopilco,90445,90448
29,056,Santa Ana Nopalucan,90135,90139
29,057,Santa Apolonia Teacalco,90725,90725
29,058,Santa Catarina Ayometla,90770,90775
29,059,Santa Cruz Quilehtla,90867,90867
29,060,Santa Isabel Xiloxoxtla,90193,90194
30,001,Acajete,91320,91327
30,002,Acatlán,91420,91420
30,003,Acayucan,96000,96117
30,004,Actopan,91480,91498
30,005,Acula,95440,95447
30,006,Acultzingo,94760,94767
30,007,Camarón de Tejeda,94230,94235
30,008,Alpatláhuac,94130,94135
30,009,Alto Lucero de Gutiérrez Barrios,91460,91478
30,010,Altotonga,93700,93737
30,011,Alvarado,95250,95278
30,012,Amatitlán,95450,95458
30,013,Naranjos Amatlán,92300,92419
30,014,Amatlán de los Reyes,94940,94959
30,015,Angel R. Cabada,95840,95849
30,016,La Antigua,91680,91688
30,017,Apazapan,91645,91649
30,018,Aquila,94750,94755
30,019,Astacinga,94810,94815
30,020,Atlahuilco,94830,94837
30,021,Atoyac,94960,94969
30,022,Atzacan,94440,94446
30,023,Atzalan,93680,93698
30,024,Tlaltetela,94020,94021
30,025,Ayahualulco,91260,91262
30,026,Banderilla,91300,91307
30,027,Benito Juárez,92660,92668
30,028,Boca del Río,94285,94299
30,029,Calcahualco,94120,94126
30,030,Camerino Z. Mendoza,94740,94748
30,031,Carrillo Puerto,94980,94989
30,032,Catemaco,95870,95898
30,033,Cazones de Herrera,92970,92997
30,034,Cerro Azul,92500,92527
30,035,Citlaltépetl,92230,92268
30,036,Coacoatzintla,91370,91375
30,037,Coahuitlán,93120,93124
30,038,Coatepec,91500,91610
30,039,Coatzacoalcos,96380,96599
30,040,Coatzintla,93160,93176
30,041,Coetzala,94890,94893
30,042,Colipa,93950,93957
30,043,Comapa,94200,94216
30,044,Córdoba,94480,94699
30,045,Cosamaloapan de Carpio,95390,95429
30,046,Cosautlán de Carvajal,91620,91627
30,047,Coscomatepec,94140,94149
30,048,Cosoleacaque,96340,96358
30,049,Cotaxtla,94990,94997
30,050,Coxquihui,93060,93077
30,051,Coyutla,93140,93158
30,052,Cuichapa,94920,94929
30,053,Cuitláhuac,94910,94918
30,054,Chacaltianguis,95560,95576
30,055,Chalma,92170,92190
30,056,Chiconamel,92150,92165
30,057,Chiconquiaco,93880,93896
30,058,Chicontepec,92700,92728
30,059,Chinameca,95980,95997
30,060,Chinampa de Gorostiza,92420,92420
30,061,Las Choapas,96980,96996
30,062,Chocamán,94160,94167
30,063,Chontla,92200,92227
30,064,Chumatlán,93040,93050
30,065,Emiliano Zapata,91630,91644
30,066,Espinal,93180,93199
30,067,Filomeno Mata,93100,93116
30,068,Fortín,94466,94477
30,069,Gutiérrez Zamora,93550,93569
30,070,Hidalgotitlán,96930,96948
30,071,Huatusco,94100,94117
30,072,Huayacocotla,92600,92619
30,073,Hueyapan de Ocampo,95850,95869
30,074,Huiloapan de Cuauhtémoc,94780,94794
30,075,Ignacio de la Llave,95240,95247
30,076,Ilamatlán,92620,92625
30,077,Isla,95640,95659
30,078,Ixcatepec,92270,92293
30,079,Ixhuacán de los Reyes,91250,91257
30,080,Ixhuatlán del Café,94180,94188
30,081,Ixhuatlancillo,94430,94437
30,082,Ixhuatlán del Sureste,96365,96369
30,083,Ixhuatlán de Madero,92680,92697
30,084,Ixmatlahuacan,95430,95437
30,085,Ixtaczoquitlán,94450,94465
30,086,Jalacingo,93660,93676
30,087,Xalapa,91000,91227
30,088,Jalcomulco,94000,94019
30,089,Jáltipan,96200,96318
30,090,Jamapa,94260,94267
30,091,Jesús Carranza,96950,96978
30,092,Xico,91240,91249
30,093,Jilotepec,91380,91394
30,094,Juan Rodríguez Clara,95670,95697
30,095,Juchique de Ferrer,91440,91451
30,096,Landero y Coss,93860,93860
30,097,Lerdo de Tejada,95280,95295
30,098,Magdalena,94870,94877
30,099,Maltrata,94700,94703
30,100,Manlio Fabio Altamirano,94250,94256
30,101,Mariano Escobedo,94420,94428
30,102,Martínez de la Torre,93600,93647
30,103,Mecatlán,93080,93086
30,104,Mecayapan,95930,95948
30,105,Medellín,94270,94280
30,106,Miahuatlán,91410,91417
30,107,Las Minas,93740,93740
30,108,Minatitlán,96700,96927
30,109,Misantla,93820,93847
30,110,Mixtla de Altamirano,95040,95046
30,111,Moloacán,96370,96377
30,112,Naolinco,91400,91409
30,113,Naranjal,94880,94883
30,114,Nautla,93800,93816
30,115,Nogales,94720,94729
30,116,Oluta,96160,96169
30,117,Omealca,94900,94908
30,118,Orizaba,94300,94400
30,119,Otatitlán,95500,95513
30,120,Oteapan,96330,96335
30,121,Ozuluama de Mascareñas,92080,92097
30,122,Pajapan,95960,95970
30,123,Pánuco,92000,93998
30,124,Papantla,93400,93549
30,125,Paso del Macho,94970,94977
30,126,Paso de Ovejas,91670,91677
30,127,La Perla,94150,94157
30,128,Perote,91270,91290
30,129,Platón Sánchez,92130,92148
30,130,Playa Vicente,95600,95629
30,131,Poza Rica de Hidalgo,93210,93399
30,132,Las Vigas de Ramírez,91330,91339
30,133,Pueblo Viejo,92030,92039
30,134,Puente Nacional,91650,91659
30,135,Rafael Delgado,94410,94410
30,136,Rafael Lucio,91315,91315
30,137,Los Reyes,95060,95066
30,138,Río Blanco,94730,94734
30,139,Saltabarranca,95480,95497
30,140,San Andrés Tenejapan,94850,94850
30,141,San Andrés Tuxtla,95700,95827
30,142,San Juan Evangelista,96120,96147
30,143,Santiago Tuxtla,95830,95839
30,144,Sayula de Alemán,96150,96159
30,145,Soconusco,96170,96178
30,146,Sochiapa,94060,94060
30,147,Soledad Atzompa,94770,94777
30,148,Soledad de Doblado,94240,94249
30,149,Soteapan,95900,95925
30,150,Tamalín,92470,92497
30,151,Tamiahua,92560,92597
30,152,Tampico Alto,92040,92056
30,153,Tancoco,92540,92550
30,154,Tantima,92430,92456
30,155,Tantoyuca,92100,92127
30,156,Tatatila,93760,93769
30,157,Castillo de Teayo,92940,92943
30,158,Tecolutla,93570,93597
30,159,Tehuipango,95030,95039
30,160,Álamo Temapache,92730,92769
30,161,Tempoal,92060,92079
30,162,Tenampa,94030,94035
30,163,Tenochtitlán,93780,93790
30,164,Teocelo,91615,91619
30,165,Tepatlaxco,94190,94191
30,166,Tepetlán,91430,91436
30,167,Tepetzintla,92530,92539
30,168,Tequila,94840,94847
30,169,José Azueta,95580,95598
30,170,Texcatepec,92640,92647
30,171,Texhuacán,95070,95077
30,172,Texistepec,96180,96199
30,173,Tezonapa,95080,95099
30,174,Tierra Blanca,95100,95217
30,175,Tihuatlán,92900,92937
30,176,Tlacojalpan,95520,95536
30,177,Tlacolulan,91350,91354
30,178,Tlacotalpan,95460,95479
30,179,Tlacotepec de Mejía,94080,94090
30,180,Tlachichilco,92670,92678
30,181,Tlalixcoyan,95220,95237
30,182,Tlalnelhuayocan,91230,91233
30,183,Tlapacoyan,93650,93657
30,184,Tlaquilpa,94800,94807
30,185,Tlilapan,94860,94862
30,186,Tomatlán,94170,94178
30,187,Tonayán,91360,91364
30,188,Totutla,94050,94059
30,189,Tuxpan,92770,92895
30,190,Tuxtilla,95540,95540
30,191,Ursulo Galván,91660,91668
30,192,Vega de Alatorre,93960,93986
30,193,Veracruz,91690,91969
30,194,Villa Aldama,91340,91345
30,195,Xoxocotla,94820,94825
30,196,Yanga,94930,94939
30,197,Yecuatla,93900,93940
30,198,Zacualpan,92650,92658
30,199,Zaragoza,96320,96324
30,200,Zentla,94220,94229
30,201,Zongolica,95000,95028
30,202,Zontecomatlán de López y Fuentes,92630,92639
30,203,Zozocolco de Hidalgo,93000,93030
30,204,Agua Dulce,96390,96699
30,205,El Higo,92400,92409
30,206,Nanchital de Lázaro Cárdenas del Río,96360,96364
30,207,Tres Valles,95300,95380
30,208,Carlos A. Carrillo,95330,95349
30,209,Tatahuicapan de Juárez,95950,95959
30,210,Uxpanapa,96997,96998
30,211,San Rafael,93620,93629
30,212,Santiago Sochiapan,95630,95637
31,001,Abalá,97825,97827
31,002,Acanceh,97380,97383
31,003,Akil,97990,97993
31,004,Baca,97450,97453
31,005,Bokobá,97466,97466
31,006,Buctzotz,97620,97627
31,007,Cacalchén,97460,97460
31,008,Calotmul,97745,97748
31,009,Cansahcab,97410,97417
31,010,Cantamayec,97915,97918
31,011,Celestún,97367,97368
31,012,Cenotillo,97640,97645
31,013,Conkal,97345,97346
31,014,Cuncunul,97766,97766
31,015,Cuzamá,97577,97578
31,016,Chacsinkín,97955,97957
31,017,Chankom,97758,97759
31,018,Chapab,97857,97858
31,019,Chemax,97770,97777
31,020,Chicxulub Pueblo,97340,97342
31,021,Chichimilá,97760,97760
31,022,Chikindzonot,97940,97944
31,023,Chocholá,97816,97816
31,024,Chumayel,97904,97906
31,025,Dzán,97854,97854
31,026,Dzemul,97404,97406
31,027,Dzidzantún,97500,97506
31,028,Dzilam de Bravo,97606,97608
31,029,Dzilam González,97600,97605
31,030,Dzitás,97660,97667
31,031,Dzoncauich,97646,97647
31,032,Espita,97730,97734
31,033,Halachó,97830,97837
31,034,Hocabá,97560,97564
31,035,Hoctún,97480,97483
31,036,Homún,97580,97586
31,037,Huhí,97590,97597
31,038,Hunucmá,97350,97356
31,039,Ixil,97343,97344
31,040,Izamal,97540,97557
31,041,Kanasín,97370,97376
31,042,Kantunil,97670,97675
31,043,Kaua,97764,97765
31,044,Kinchil,97360,97363
31,045,Kopomá,97818,97818
31,046,Mama,97900,97900
31,047,Maní,97850,97851
31,048,Maxcanú,97800,97807
31,049,Mayapán,97908,97908
31,050,Mérida,97000,97316
31,051,Mocochá,97454,97456
31,052,Motul,97430,97446
31,053,Muna,97840,97844
31,054,Muxupip,97457,97458
31,055,Opichén,97813,97815
31,056,Oxkutzcab,97880,97887
31,057,Panabá,97610,97615
31,058,Peto,97930,97937
31,059,Progreso,97320,97337
31,060,Quintana Roo,97655,97655
31,061,Río Lagartos,97720,97726
31,062,Sacalum,97845,97848
31,063,Samahil,97810,97812
31,064,Sanahcat,97587,97587
31,065,San Felipe,97616,97618
31,066,Santa Elena,97890,97899
31,067,Seyé,97570,97575
31,068,Sinanché,97420,97424
31,069,Sotuta,97690,97697
31,070,Sucilá,97630,97636
31,071,Sudzal,97676,97678
31,072,Suma,97527,97527
31,073,Tahdziú,97945,97948
31,074,Tahmek,97490,97490
31,075,Teabo,97910,97910
31,076,Tecoh,97820,97824
31,077,Tekal de Venegas,97535,97536
31,078,Tekantó,97520,97523
31,079,Tekax,97970,97989
31,080,Tekit,97680,97687
31,081,Tekom,97768,97769
31,082,Telchac Pueblo,97400,97403
31,083,Telchac Puerto,97407,97408
31,084,Temax,97510,97516
31,085,Temozón,97740,97744
31,086,Tepakán,97530,97532
31,087,Tetiz,97364,97365
31,088,Teya,97524,97524
31,089,Ticul,97860,97873
31,090,Timucuy,97377,97378
31,091,Tinum,97750,97757
31,092,Tixcacalcupul,97762,97763
31,093,Tixkokob,97470,97477
31,094,Tixmehuac,97950,97954
31,095,Tixpéhual,97386,97388
31,096,Tizimín,97700,97717
31,097,Tunkás,97650,97654
31,098,Tzucacab,97960,97969
31,099,Uayma,97796,97798
31,100,Ucú,97357,97357
31,101,Umán,97390,97397
31,102,Valladolid,97780,97795
31,103,Xocchel,97566,97566
31,104,Yaxcabá,97920,97929
31,105,Yaxkukul,97348,97348
31,106,Yobaín,97425,97426
32,001,Apozol,99940,99950
32,002,Apulco,99920,99930
32,003,Atolinga,99730,99736
32,004,Benito Juárez,99780,99794
32,005,Calera,98500,98526
32,006,Cañitas de Felipe Pescador,98480,98490
32,007,Concepción del Oro,98200,98212
32,008,Cuauhtémoc,98680,98698
32,009,Chalchihuites,99260,99279
32,010,Fresnillo,99000,99199
32,011,Trinidad García de la Cadena,99830,99830
32,012,Genaro Codina,98660,98677
32,013,General Enrique Estrada,98560,98561
32,014,General Francisco R. Murguía,98350,98390
32,015,El Plateado de Joaquín Amaro,99590,99593
32,016,General Pánfilo Natera,98730,98760
32,017,Guadalupe,98600,98659
32,018,Huanusco,99670,99670
32,019,Jalpa,99600,99624
32,020,Jerez,99300,99479
32,021,Jiménez del Teul,99280,99280
32,022,Juan Aldama,98300,98320
32,023,Juchipila,99960,99979
32,024,Loreto,98800,98839
32,025,Luis Moya,98770,98795
32,026,Mazapil,98230,98287
32,027,Melchor Ocampo,98220,98229
32,028,Mezquital del Oro,99860,99867
32,029,Miguel Auza,98330,98340
32,030,Momax,99720,99720
32,031,Monte Escobedo,99400,99436
32,032,Morelos,98100,98100
32,033,Moyahua de Estrada,99980,99998
32,034,Nochistlán de Mejía,99900,99919
32,035,Noria de Ángeles,98880,98890
32,036,Ojocaliente,98700,98727
32,037,Pánuco,98540,98550
32,038,Pinos,98920,98979
32,039,Río Grande,98400,98429
32,040,Sain Alto,99130,99141
32,041,El Salvador,98290,98290
32,042,Sombrerete,99100,99129
32,043,Susticacán,99480,99480
32,044,Tabasco,99630,99650
32,045,Tepechitlán,99750,99770
32,046,Tepetongo,99570,99581
32,047,Teúl de González Ortega,99800,99814
32,048,Tlaltenango de Sánchez Román,99700,99707
32,049,Valparaíso,99200,99259
32,050,Vetagrande,98140,98150
32,051,Villa de Cos,98430,98473
32,052,Villa García,98900,98919
32,053,Villa González Ortega,98840,98870
32,054,Villa Hidalgo,98980,98995
32,055,Villanueva,99500,99560
32,056,Zacatecas,98000,98186
32,057,Trancoso,98640,98648
32,058,Santa María de la Paz,99820,99828
